Incident Type,Creation Date,Response Time
Utility-Power Outage,2014-01-02,1361
Fire-3rd Alarm,2014-01-03,2596
Utility-Power Outage,2014-01-03,278
Fire-1st Alarm,2014-01-03,2879
Fire-5th Alarm,2014-01-04,4576
Fire-1st Alarm,2014-01-04,99
Fire-3rd Alarm,2014-01-05,1582
Fire-Manhole,2014-01-06,3412
Fire-1st Alarm,2014-01-06,111
Utility-Power Outage,2014-01-06,431
Utility-Manhole,2014-01-07,169
Utility-Water Service Line,2014-01-07,120
Utility-Power Outage,2014-01-08,537
Utility-Power Outage,2014-01-09,149
Fire-3rd Alarm,2014-01-09,2654
Utility-Water Service Line,2014-01-10,189
Utility-Water Service Line,2014-01-14,144
Fire-1st Alarm,2014-01-14,61
Fire-3rd Alarm,2014-01-17,1810
Utility-Manhole,2014-01-22,469
Utility-Manhole,2014-01-22,1343
Utility-Manhole,2014-01-23,1787
Utility-Water Service Line,2014-01-23,96
Utility-Water Service Line,2014-01-25,422
Utility-Water Service Line,2014-01-27,1603
Fire-Sensitive Location,2014-01-29,323
Fire-Sensitive Location,2014-01-30,140
Fire-1st Alarm,2014-02-01,121
Fire-Manhole,2014-02-01,353
Fire-1st Alarm,2014-02-06,120
Fire-1st Alarm,2014-02-10,69
Utility-Water Service Line,2014-02-13,1590
Fire-4th Alarm,2014-02-13,1794
Fire-Manhole,2014-02-14,92
Utility-Gas Service Line,2014-02-16,80
Fire-3rd Alarm,2014-02-17,1339
Fire-Manhole,2014-02-19,377
Utility-Water Service Line,2014-02-23,501
Fire-3rd Alarm,2014-02-23,328
Fire-Manhole,2014-02-24,150
Fire-1st Alarm,2014-02-24,79
Utility-Power Outage,2014-02-25,192
Utility-Gas High Pressure,2014-02-27,80
Fire-3rd Alarm,2014-02-27,239
Fire-3rd Alarm,2014-03-01,735
Fire-Manhole,2014-03-06,365
Utility-Gas High Pressure,2014-03-06,545
Fire-3rd Alarm,2014-03-06,1780
Fire-4th Alarm,2014-03-18,9495
Fire-3rd Alarm,2014-03-19,455
Utility-Power Outage,2014-03-20,88
Utility-Manhole,2014-03-20,578
Fire-4th Alarm,2014-03-20,303
Fire-Sensitive Location,2014-03-21,3231
Fire-3rd Alarm,2014-03-23,1566
Fire-3rd Alarm,2014-03-23,378
Fire-3rd Alarm,2014-03-28,201
Fire-1st Alarm,2014-03-28,263
Utility-Power Outage,2014-04-06,103
Fire-4th Alarm,2014-04-06,317
Fire-3rd Alarm,2014-04-11,1790
Fire-1st Alarm,2014-04-11,64
Fire-1st Alarm,2014-04-12,71
Fire-1st Alarm,2014-04-12,83
Fire-Sensitive Location,2014-04-13,234
Fire-3rd Alarm,2014-04-13,250
Fire-Collapse,2014-04-14,246
Utility-Gas Main Rupture,2014-04-16,797
Fire-1st Alarm,2014-04-17,115
Fire-School,2014-04-21,77
Fire-5th Alarm,2014-04-21,4175
Utility-Water Service Line,2014-04-23,77
Utility-Gas Service Line,2014-04-28,97
Fire-3rd Alarm,2014-04-29,164
Fire-School,2014-04-30,80
Fire-Haz Mat,2014-04-30,338
Fire-Manhole,2014-05-01,346
Utility-Power Outage,2014-05-01,560
Fire-1st Alarm,2014-05-01,95
Fire-Explosion,2014-05-01,218
Utility-Gas Service Line,2014-05-07,212
Fire-Haz Mat,2014-05-08,8272
Utility-Gas Main Rupture,2014-05-12,189
Utility-Manhole,2014-05-12,1104
Utility-Gas High Pressure,2014-05-13,89
Fire-1st Alarm,2014-05-14,72
Utility-Gas Service Line,2014-05-15,2033
Fire-10-77 (Residential High Rise Fire),2014-05-20,121
Fire-Sensitive Location,2014-05-23,345
Fire-1st Alarm,2014-05-27,104
Fire-Manhole,2014-05-27,629
Fire-Manhole,2014-05-28,651
Fire-School,2014-05-31,211
Utility-Gas High Pressure,2014-06-03,67
Fire-1st Alarm,2014-06-04,131
Fire-5th Alarm,2014-06-05,3486
Fire-3rd Alarm,2014-06-06,425
Fire-3rd Alarm,2014-06-06,166
Fire-1st Alarm,2014-06-08,75
Fire-1st Alarm,2014-06-09,265
Fire-3rd Alarm,2014-06-13,6871
Fire-3rd Alarm,2014-06-16,200
Utility-Gas Main Rupture,2014-06-16,3633
Fire-10-76 (Commercial High Rise Fire),2014-06-16,90
Utility-Power Outage,2014-06-19,134
Fire-Haz Mat,2014-06-23,195
Utility-Other,2014-06-24,74
Fire-Haz Mat,2014-06-25,262
Fire-Collapse,2014-07-05,146
Fire-Haz Mat,2014-07-06,112
Fire-10-77 (Residential High Rise Fire),2014-07-07,181
Fire-1st Alarm,2014-07-07,61
Fire-1st Alarm,2014-07-09,547
Fire-Explosion,2014-07-11,62
Fire-Other,2014-07-15,761
Fire-Haz Mat,2014-07-18,85
Utility-Power Outage,2014-07-23,126
Fire-5th Alarm,2014-07-25,1968
Fire-10-77 (Residential High Rise Fire),2014-07-25,61
Fire-3rd Alarm,2014-07-26,5757
Utility-Gas High Pressure,2014-07-29,386
Fire-10-77 (Residential High Rise Fire),2014-07-29,90
Utility-Power Outage,2014-07-29,242
Utility-Other,2014-07-29,113
Fire-Other,2014-07-30,137
Fire-10-77 (Residential High Rise Fire),2014-07-31,3942
Fire-10-77 (Residential High Rise Fire),2014-08-04,104
Fire-10-77 (Residential High Rise Fire),2014-08-05,583
Fire-1st Alarm,2014-08-05,593
Fire-1st Alarm,2014-08-07,60
Fire-Haz Mat,2014-08-07,276
Fire-Haz Mat,2014-08-12,157
Utility-Gas Main Rupture,2014-08-13,145
Fire-Other,2014-08-20,120
Fire-10-76 (Commercial High Rise Fire),2014-08-21,94
Fire-1st Alarm,2014-08-27,379
Fire-1st Alarm,2014-08-28,137
Fire-Haz Mat,2014-08-31,83
Fire-1st Alarm,2014-09-09,220
Fire-3rd Alarm,2014-09-10,719
Fire-Haz Mat,2014-09-15,635
Fire-Haz Mat,2014-09-16,79
Fire-3rd Alarm,2014-09-17,623
Utility-Gas Service Line,2014-09-24,112
Fire-3rd Alarm,2014-09-26,5500
Fire-Manhole,2014-09-30,3100
Fire-Haz Mat,2014-10-08,186
Fire-Other,2014-10-08,329
Utility-Other,2014-10-08,541
Utility-Gas Main Rupture,2014-10-09,317
Fire-10-76 (Commercial High Rise Fire),2014-10-10,82
Utility-Power Outage,2014-10-10,310
Fire-1st Alarm,2014-10-13,157
Utility-Other,2014-10-18,650
Fire-1st Alarm,2014-10-21,204
Fire-Collapse,2014-10-23,157
Utility-Gas Service Line,2014-10-28,192
Utility-Power Outage,2014-10-29,207
Utility-Power Outage,2014-10-31,144
Fire-10-76 (Commercial High Rise Fire),2014-11-02,67
Fire-Other,2014-11-02,234
Utility-Power Outage,2014-11-02,143
Utility-Water Service Line,2014-11-05,1831
Fire-Sensitive Location,2014-11-05,373
Fire-1st Alarm,2014-11-05,167
Fire-1st Alarm,2014-11-07,97
Fire-1st Alarm,2014-11-09,4538
Utility-Gas High Pressure,2014-11-10,81
Utility-Gas Service Line,2014-11-10,73
Fire-Explosion,2014-11-13,1799
Fire-Manhole,2014-11-17,246
Utility-Water Service Line,2014-11-18,461
Fire-Manhole,2014-11-19,1228
Utility-Water Service Line,2014-11-21,129
Utility-Other,2014-11-22,1180
Fire-3rd Alarm,2014-11-22,3854
Fire-4th Alarm,2014-11-22,5480
Fire-3rd Alarm,2014-11-25,1613
Fire-1st Alarm,2014-11-25,354
Fire-Explosion,2014-11-27,181
Fire-Sensitive Location,2014-11-28,115
Fire-10-76 (Commercial High Rise Fire),2014-11-29,102
Fire-3rd Alarm,2014-12-02,9706
Utility-Other,2014-12-08,209
Utility-Power Outage,2014-12-10,276
Fire-School,2014-12-11,80
Fire-10-77 (Residential High Rise Fire),2014-12-12,1444
Fire-Sensitive Location,2014-12-12,142
Fire-3rd Alarm,2014-12-15,1983
Utility-Gas Service Line,2014-12-15,99
Utility-Gas Service Line,2014-12-15,2136
Fire-1st Alarm,2014-12-16,68
Fire-1st Alarm,2014-12-17,70
Fire-3rd Alarm,2014-12-24,240
Fire-1st Alarm,2014-12-30,98
Utility-Manhole,2014-12-30,934
Utility-Water Service Line,2014-12-30,2263
Utility-Power Outage,2015-01-05,135
Utility-Water Service Line,2015-01-07,635
Utility-Water Service Line,2015-01-07,64
Fire-Sensitive Location,2015-01-07,115
Fire-1st Alarm,2015-01-08,122
Utility-Other,2015-01-08,1007
Utility-Other,2015-01-09,2463
Fire-10-77 (Residential High Rise Fire),2015-01-10,74
Fire-1st Alarm,2015-01-12,61
Fire-3rd Alarm,2015-01-13,849
Fire-1st Alarm,2015-01-13,596
Utility-Water Service Line,2015-01-15,1564
Utility-Water Service Line,2015-01-15,799
Fire-Explosion,2015-01-15,166
Utility-Other,2015-01-16,645
Fire-3rd Alarm,2015-01-17,7085
Utility-Other,2015-01-19,276
Fire-10-77 (Residential High Rise Fire),2015-01-20,284
Utility-Power Outage,2015-01-20,100
Fire-1st Alarm,2015-01-20,81
Fire-5th Alarm,2015-01-21,7681
Utility-Water Service Line,2015-01-23,1017
Utility-Power Outage,2015-01-24,182
Utility-Other,2015-01-24,120
Utility-Power Outage,2015-01-24,154
Utility-Manhole,2015-01-24,183
Utility-Power Outage,2015-01-28,1909
Fire-Manhole,2015-01-29,1013
Utility-Water Service Line,2015-01-30,523
Utility-Water Service Line,2015-02-02,437
Fire-Haz Mat,2015-02-02,830
Utility-Other,2015-02-03,1756
Utility-Gas High Pressure,2015-02-05,430
Fire-Haz Mat,2015-02-05,180
Utility-Gas Main Rupture,2015-02-06,82
Utility-Other,2015-02-06,252
Utility-Other,2015-02-08,1155
Utility-Manhole,2015-02-09,593
Fire-School,2015-02-10,119
Utility-Water Service Line,2015-02-12,1771
Utility-Other,2015-02-13,343
Fire-1st Alarm,2015-02-14,78
Utility-Other,2015-02-16,1981
Utility-Other,2015-02-16,103
Utility-Other,2015-02-16,2646
Utility-Other,2015-02-16,214
Utility-Other,2015-02-17,210
Utility-Water Service Line,2015-02-17,140
Utility-Water Service Line,2015-02-17,125
Utility-Water Service Line,2015-02-18,102
Fire-10-77 (Residential High Rise Fire),2015-02-19,135
Utility-Gas High Pressure,2015-02-19,192
Fire-School,2015-02-20,225
Utility-Gas Service Line,2015-02-20,334
Fire-Explosion,2015-02-20,122
Utility-Water Service Line,2015-02-21,782
Utility-Other,2015-02-22,340
Utility-Power Outage,2015-02-23,370
Fire-Explosion,2015-02-23,214
Fire-10-77 (Residential High Rise Fire),2015-02-24,299
Utility-Other,2015-02-25,958
Utility-Power Outage,2015-02-25,338
Fire-3rd Alarm,2015-02-27,109
Utility-Other,2015-02-28,369
Fire-Manhole,2015-03-02,136
Utility-Other,2015-03-03,225
Fire-Manhole,2015-03-04,3105
Utility-Water Service Line,2015-03-04,286
Utility-Power Outage,2015-03-04,845
Fire-Sensitive Location,2015-03-04,87
Fire-10-76 (Commercial High Rise Fire),2015-03-05,87
Utility-Manhole,2015-03-05,240
Utility-Power Outage,2015-03-05,298
Utility-Power Outage,2015-03-05,3053
Fire-Other,2015-03-05,276
Fire-1st Alarm,2015-03-05,4039
Utility-Manhole,2015-03-05,2145
Utility-Manhole,2015-03-08,2627
Utility-Power Outage,2015-03-08,453
Utility-Gas Main Rupture,2015-03-09,78
Utility-Other,2015-03-09,5572
Utility-Other,2015-03-10,1302
Fire-Other,2015-03-10,330
Fire-3rd Alarm,2015-03-10,206
Fire-3rd Alarm,2015-03-11,275
Fire-Manhole,2015-03-11,2392
Fire-Other,2015-03-13,150
Utility-Power Outage,2015-03-14,148
Fire-1st Alarm,2015-03-16,65
Utility-Other,2015-03-16,123
Utility-Water Service Line,2015-03-17,5673
Fire-4th Alarm,2015-03-18,2311
Fire-10-77 (Residential High Rise Fire),2015-03-19,907
Utility-Gas Service Line,2015-03-23,112
Utility-Water Service Line,2015-03-24,131
Utility-Water Service Line,2015-03-25,2132
Fire-3rd Alarm,2015-03-27,1234
Fire-1st Alarm,2015-03-28,173
Utility-Gas High Pressure,2015-03-28,2250
Utility-Other,2015-03-28,105
Fire-1st Alarm,2015-03-30,208
Fire-3rd Alarm,2015-04-02,214
Utility-Water Service Line,2015-04-02,1344
Fire-Other,2015-04-05,184
Fire-3rd Alarm,2015-04-07,995
Fire-3rd Alarm,2015-04-08,2627
Utility-Gas Service Line,2015-04-08,65
Utility-Other,2015-04-08,977
Utility-Other,2015-04-09,609
Fire-10-76 (Commercial High Rise Fire),2015-04-11,140
Utility-Water Service Line,2015-04-13,834
Fire-Haz Mat,2015-04-15,79
Utility-Power Outage,2015-04-16,62
Utility-Power Outage,2015-04-17,463
Utility-Power Outage,2015-04-20,262
Utility-Power Outage,2015-04-21,210
Fire-Other,2015-04-21,98
Fire-Haz Mat,2015-04-21,178
Utility-Water Service Line,2015-04-23,240
Utility-Gas Main Rupture,2015-04-24,106
Utility-Gas Service Line,2015-05-05,1222
Fire-Explosion,2015-05-08,82
Utility-Manhole,2015-05-09,5841
Fire-3rd Alarm,2015-05-11,463
Utility-Gas Service Line,2015-05-11,157
Utility-Gas Service Line,2015-05-11,86
Fire-School,2015-05-12,63
Fire-1st Alarm,2015-05-13,88
Fire-3rd Alarm,2015-05-16,521
Fire-Explosion,2015-05-16,150
Fire-Other,2015-05-18,228
Utility-Power Outage,2015-05-19,217
Fire-Haz Mat,2015-05-21,95
Fire-Haz Mat,2015-05-21,70
Fire-1st Alarm,2015-05-22,610
Utility-Gas Main Rupture,2015-05-22,124
Utility-Gas Service Line,2015-05-25,102
Fire-3rd Alarm,2015-05-25,136
Utility-Water Service Line,2015-05-27,427
Fire-3rd Alarm,2015-05-29,226
Utility-Water Service Line,2015-05-29,2117
Utility-Gas Main Rupture,2015-06-01,194
Utility-Other,2015-06-02,124
Fire-10-76 (Commercial High Rise Fire),2015-06-03,76
Utility-Gas Main Rupture,2015-06-03,884
Fire-10-76 (Commercial High Rise Fire),2015-06-03,96
Fire-3rd Alarm,2015-06-08,329
Utility-Water Service Line,2015-06-10,1016
Fire-10-76 (Commercial High Rise Fire),2015-06-10,83
Fire-1st Alarm,2015-06-11,85
Utility-Power Outage,2015-06-12,171
Utility-Manhole,2015-06-12,1598
Fire-1st Alarm,2015-06-12,92
Fire-Manhole,2015-06-12,269
Utility-Power Outage,2015-06-13,254
Utility-Water Service Line,2015-06-14,819
Fire-10-77 (Residential High Rise Fire),2015-06-15,287
Fire-Manhole,2015-06-15,582
Fire-3rd Alarm,2015-06-16,5444
Utility-Other,2015-06-16,2268
Fire-1st Alarm,2015-06-17,86
Utility-Gas Main Rupture,2015-06-18,86
Fire-Other,2015-06-18,108
Fire-1st Alarm,2015-06-19,3776
Fire-10-77 (Residential High Rise Fire),2015-06-19,166
Utility-Power Outage,2015-06-23,207
Fire-1st Alarm,2015-06-23,155
Utility-Gas Service Line,2015-06-24,99
Fire-Manhole,2015-06-25,170
Utility-Other,2015-06-25,257
Fire-10-77 (Residential High Rise Fire),2015-06-26,372
Utility-Power Outage,2015-06-27,125
Utility-Manhole,2015-06-28,127
Utility-Power Outage,2015-07-01,187
Utility-Manhole,2015-07-06,94
Utility-Other,2015-07-07,963
Utility-Other,2015-07-07,292
Fire-Manhole,2015-07-07,150
Fire-Collapse,2015-07-09,1329
Fire-3rd Alarm,2015-07-12,304
Utility-Other,2015-07-13,1524
Utility-Manhole,2015-07-13,598
Fire-Manhole,2015-07-13,240
Fire-Collapse,2015-07-16,656
Utility-Power Outage,2015-07-19,389
Utility-Power Outage,2015-07-19,867
Utility-Other,2015-07-19,142
Fire-Manhole,2015-07-20,2137
Fire-10-77 (Residential High Rise Fire),2015-07-20,67
Utility-Power Outage,2015-07-20,1725
Utility-Power Outage,2015-07-20,637
Utility-Power Outage,2015-07-20,778
Fire-3rd Alarm,2015-07-22,643
Utility-Gas Service Line,2015-07-27,60
Utility-Other,2015-07-29,61
Utility-Manhole,2015-07-30,535
Utility-Power Outage,2015-07-30,448
Fire-Manhole,2015-07-30,563
Utility-Power Outage,2015-07-30,1111
Utility-Water Service Line,2015-07-31,863
Utility-Power Outage,2015-07-31,179
Fire-Collapse,2015-07-31,77
Utility-Gas Service Line,2015-07-31,341
Utility-Power Outage,2015-08-03,5204
Utility-Power Outage,2015-08-06,187
Fire-3rd Alarm,2015-08-09,191
Utility-Other,2015-08-10,5788
Fire-1st Alarm,2015-08-14,412
Fire-1st Alarm,2015-08-14,131
Utility-Manhole,2015-08-14,158
Fire-10-76 (Commercial High Rise Fire),2015-08-17,65
Fire-3rd Alarm,2015-08-20,410
Fire-10-77 (Residential High Rise Fire),2015-08-23,461
Utility-Water Service Line,2015-08-24,117
Fire-4th Alarm,2015-08-25,5570
Fire-1st Alarm,2015-08-27,285
Fire-1st Alarm,2015-08-28,221
Fire-Manhole,2015-08-31,2233
Fire-3rd Alarm,2015-09-01,439
Fire-4th Alarm,2015-09-03,329
Fire-Haz Mat,2015-09-03,82
Utility-Power Outage,2015-09-03,728
Fire-Haz Mat,2015-09-04,148
Utility-Gas Service Line,2015-09-04,85
Utility-Water Service Line,2015-09-05,594
Fire-Manhole,2015-09-05,889
Utility-Power Outage,2015-09-05,91
Utility-Water Service Line,2015-09-06,125
Fire-1st Alarm,2015-09-09,445
Utility-Manhole,2015-09-12,101
Fire-Manhole,2015-09-13,1569
Utility-Power Outage,2015-09-16,98
Fire-Haz Mat,2015-09-16,73
Utility-Power Outage,2015-09-18,962
Utility-Gas High Pressure,2015-09-21,316
Fire-1st Alarm,2015-09-23,62
Utility-Manhole,2015-09-23,1614
Fire-10-77 (Residential High Rise Fire),2015-09-23,69
Fire-1st Alarm,2015-09-24,91
Utility-Manhole,2015-09-28,73
Fire-Manhole,2015-09-29,870
Fire-4th Alarm,2015-09-30,2429
Utility-Manhole,2015-09-30,1519
Utility-Power Outage,2015-09-30,871
Utility-Power Outage,2015-10-03,5257
Fire-School,2015-10-07,99
Fire-3rd Alarm,2015-10-08,225
Fire-Other,2015-10-13,105
Utility-Water Service Line,2015-10-13,92
Fire-Haz Mat,2015-10-13,785
Fire-Other,2015-10-14,703
Fire-1st Alarm,2015-10-14,71
Fire-Other,2015-10-17,93
Fire-Haz Mat,2015-10-21,62
Fire-1st Alarm,2015-10-21,83
Fire-10-77 (Residential High Rise Fire),2015-10-22,1319
Fire-3rd Alarm,2015-10-25,320
Fire-Collapse,2015-10-29,162
Fire-Manhole,2015-11-01,1066
Utility-Gas High Pressure,2015-11-02,1732
Fire-Manhole,2015-11-05,708
Fire-Haz Mat,2015-11-06,67
Fire-10-76 (Commercial High Rise Fire),2015-11-07,65
Fire-3rd Alarm,2015-11-08,388
Fire-Manhole,2015-11-09,687
Utility-Other,2015-11-16,1109
Fire-Haz Mat,2015-11-16,63
Utility-Water Service Line,2015-11-17,975
Utility-Other,2015-11-19,266
Fire-3rd Alarm,2015-11-25,161
Utility-Water Service Line,2015-11-25,1165
Fire-10-77 (Residential High Rise Fire),2015-11-26,120
Utility-Other,2015-11-27,178
Fire-Other,2015-12-01,408
Fire-Haz Mat,2015-12-02,135
Fire-10-77 (Residential High Rise Fire),2015-12-02,99
Fire-Manhole,2015-12-04,1064
Fire-Manhole,2015-12-05,182
Fire-3rd Alarm,2015-12-06,3085
Fire-10-77 (Residential High Rise Fire),2015-12-06,71
Fire-Haz Mat,2015-12-09,1768
Fire-3rd Alarm,2015-12-12,118
Fire-Other,2015-12-14,292
Utility-Other,2015-12-14,199
Fire-Sensitive Location,2015-12-15,130
Utility-Water Service Line,2015-12-16,297
Utility-Power Outage,2015-12-17,489
Utility-Other,2015-12-18,503
Fire-Other,2015-12-19,204
Fire-Haz Mat,2015-12-21,171
Utility-Power Outage,2015-12-22,99
Fire-1st Alarm,2015-12-22,303
Utility-Power Outage,2015-12-24,87
Fire-1st Alarm,2015-12-26,114
Fire-Manhole,2015-12-29,769
Fire-1st Alarm,2016-01-01,417
Utility-Power Outage,2016-01-05,218
Fire-1st Alarm,2016-01-06,112
Utility-Other,2016-01-07,178
Utility-Power Outage,2016-01-10,99
Fire-3rd Alarm,2016-01-12,770
Utility-Water Service Line,2016-01-17,1239
Fire-Haz Mat,2016-01-18,665
Utility-Other,2016-01-18,311
Fire-10-77 (Residential High Rise Fire),2016-01-18,203
Fire-3rd Alarm,2016-01-21,153
Fire-3rd Alarm,2016-01-23,5082
Utility-Power Outage,2016-01-23,501
Utility-Water Service Line,2016-01-23,376
Utility-Manhole,2016-01-23,276
Fire-10-76 (Commercial High Rise Fire),2016-01-23,128
Fire-4th Alarm,2016-01-24,383
Fire-Collapse,2016-01-24,92
Utility-Power Outage,2016-01-25,888
Utility-Power Outage,2016-01-25,61
Utility-Gas Service Line,2016-01-25,142
Utility-Manhole,2016-01-25,568
Utility-Other,2016-01-26,1875
Utility-Manhole,2016-01-26,650
Utility-Gas Service Line,2016-01-27,787
Utility-Manhole,2016-01-27,199
Utility-Power Outage,2016-01-28,119
Utility-Power Outage,2016-01-28,199
Fire-1st Alarm,2016-01-29,68
Utility-Other,2016-01-29,257
Utility-Gas Service Line,2016-01-29,151
Fire-Manhole,2016-01-30,704
Utility-Power Outage,2016-01-31,413
Utility-Power Outage,2016-01-31,123
Utility-Other,2016-02-01,829
Fire-1st Alarm,2016-02-01,66
Fire-3rd Alarm,2016-02-01,334
Fire-3rd Alarm,2016-02-02,376
Fire-1st Alarm,2016-02-02,68
Utility-Manhole,2016-02-03,188
Utility-Power Outage,2016-02-05,707
Utility-Water Service Line,2016-02-09,495
Utility-Gas High Pressure,2016-02-10,212
Fire-Other,2016-02-13,60
Utility-Gas High Pressure,2016-02-14,176
Fire-4th Alarm,2016-02-14,5069
Fire-3rd Alarm,2016-02-15,214
Utility-Other,2016-02-15,60
Utility-Power Outage,2016-02-15,91
Utility-Power Outage,2016-02-15,70
Utility-Water Service Line,2016-02-15,102
Utility-Other,2016-02-16,576
Utility-Other,2016-02-16,117
Utility-Other,2016-02-16,226
Utility-Other,2016-02-16,132
Utility-Power Outage,2016-02-16,233
Utility-Water Service Line,2016-02-17,106
Fire-Sensitive Location,2016-02-19,131
Utility-Manhole,2016-02-24,211
Utility-Gas Service Line,2016-02-25,111
Fire-Other,2016-02-26,176
Fire-1st Alarm,2016-02-29,175
Fire-Haz Mat,2016-02-29,1220
Fire-Haz Mat,2016-03-02,157
Utility-Gas Main Rupture,2016-03-02,95
Utility-Power Outage,2016-03-04,476
Fire-10-76 (Commercial High Rise Fire),2016-03-04,197
Utility-Manhole,2016-03-04,134
Fire-3rd Alarm,2016-03-06,4865
Fire-10-76 (Commercial High Rise Fire),2016-03-06,98
Utility-Gas High Pressure,2016-03-08,127
Utility-Gas Service Line,2016-03-08,233
Utility-Water Service Line,2016-03-10,2664
Fire-10-77 (Residential High Rise Fire),2016-03-11,66
Fire-3rd Alarm,2016-03-13,163
Fire-3rd Alarm,2016-03-13,150
Utility-Water Service Line,2016-03-13,376
Utility-Water Service Line,2016-03-15,252
Fire-Manhole,2016-03-17,68
Utility-Water Service Line,2016-03-18,4467
Fire-1st Alarm,2016-03-18,217
Utility-Power Outage,2016-03-21,106
Utility-Power Outage,2016-03-21,270
Utility-Other,2016-03-22,1308
Fire-Sensitive Location,2016-03-22,129
Utility-Water Service Line,2016-03-23,1495
Fire-Haz Mat,2016-03-24,147
Fire-School,2016-03-25,93
Fire-3rd Alarm,2016-03-26,5264
Fire-3rd Alarm,2016-03-29,218
Utility-Gas Main Rupture,2016-03-30,4096
Fire-Haz Mat,2016-03-31,505
Utility-Power Outage,2016-04-02,1626
Fire-Collapse,2016-04-03,765
Fire-5th Alarm,2016-04-03,9297
Fire-10-77 (Residential High Rise Fire),2016-04-06,175
Fire-3rd Alarm,2016-04-07,738
Utility-Other,2016-04-08,6989
Fire-3rd Alarm,2016-04-13,373
Fire-4th Alarm,2016-04-19,778
Utility-Manhole,2016-04-20,347
Utility-Other,2016-04-21,403
Utility-Water Service Line,2016-04-23,1634
Fire-Haz Mat,2016-04-23,322
Utility-Other,2016-04-27,3079
Fire-Haz Mat,2016-04-28,169
Utility-Water Service Line,2016-04-30,628
Utility-Power Outage,2016-05-03,62
Utility-Other,2016-05-03,96
Utility-Power Outage,2016-05-04,170
Utility-Other,2016-05-04,70
Utility-Other,2016-05-05,449
Utility-Gas Service Line,2016-05-12,100
Fire-Sensitive Location,2016-05-13,89
Fire-Haz Mat,2016-05-13,896
Fire-10-77 (Residential High Rise Fire),2016-05-15,66
Utility-Other,2016-05-16,4286
Fire-1st Alarm,2016-05-16,1174
Fire-4th Alarm,2016-05-17,6735
Utility-Water Service Line,2016-05-18,131
Fire-Other,2016-05-19,316
Utility-Power Outage,2016-05-20,279
Utility-Other,2016-05-24,423
Utility-Other,2016-05-24,295
Utility-Other,2016-05-27,955
Utility-Other,2016-06-01,1018
Utility-Water Service Line,2016-06-02,4124
Fire-1st Alarm,2016-06-05,166
Fire-1st Alarm,2016-06-05,70
Utility-Power Outage,2016-06-05,508
Utility-Water Service Line,2016-06-06,2605
Fire-Other,2016-06-11,953
Utility-Power Outage,2016-06-11,164
Utility-Other,2016-06-13,1280
Fire-1st Alarm,2016-06-14,69
Fire-1st Alarm,2016-06-15,213
Utility-Manhole,2016-06-16,207
Utility-Other,2016-06-17,110
Utility-Manhole,2016-06-19,283
Fire-1st Alarm,2016-06-21,5941
Utility-Power Outage,2016-06-22,141
Utility-Gas Main Rupture,2016-06-22,4142
Fire-1st Alarm,2016-06-22,230
Utility-Other,2016-06-27,147
Utility-Gas High Pressure,2016-06-30,639
Fire-10-76 (Commercial High Rise Fire),2016-07-02,100
Fire-Sensitive Location,2016-07-06,168
Fire-3rd Alarm,2016-07-07,1217
Utility-Power Outage,2016-07-07,408
Utility-Other,2016-07-08,61
Utility-Power Outage,2016-07-09,83
Utility-Power Outage,2016-07-18,159
Utility-Power Outage,2016-07-18,145
Utility-Gas Main Rupture,2016-07-22,60
Utility-Power Outage,2016-07-22,751
Utility-Other,2016-07-24,123
Utility-Water Service Line,2016-07-28,120
Utility-Other,2016-07-29,86
Fire-3rd Alarm,2016-08-02,3445
Fire-3rd Alarm,2016-08-02,245
Fire-5th Alarm,2016-08-03,3857
Fire-Other,2016-08-05,4134
Fire-10-76 (Commercial High Rise Fire),2016-08-09,99
Fire-4th Alarm,2016-08-09,1196
Fire-1st Alarm,2016-08-09,219
Utility-Power Outage,2016-08-12,1839
Utility-Other,2016-08-12,4197
Utility-Power Outage,2016-08-12,734
Utility-Power Outage,2016-08-14,780
Utility-Power Outage,2016-08-16,78
Utility-Gas Main Rupture,2016-08-17,110
Fire-1st Alarm,2016-08-20,1347
Fire-Sensitive Location,2016-08-21,83
Fire-Manhole,2016-08-22,273
Utility-Water Service Line,2016-08-25,1361
Fire-Sensitive Location,2016-08-25,158
Fire-1st Alarm,2016-08-26,111
Utility-Other,2016-08-31,3279
Fire-4th Alarm,2016-09-03,305
Utility-Other,2016-09-07,112
Utility-Water Service Line,2016-09-07,1441
Fire-Manhole,2016-09-08,1110
Utility-Power Outage,2016-09-09,2937
Utility-Power Outage,2016-09-10,155
Utility-Power Outage,2016-09-10,161
Utility-Water Service Line,2016-09-13,719
Utility-Other,2016-09-16,1371
Fire-Explosion,2016-09-17,4510
Utility-Power Outage,2016-09-20,708
Fire-Explosion,2016-09-21,65
Utility-Other,2016-09-25,1079
Utility-Gas Main Rupture,2016-09-30,104
Fire-3rd Alarm,2016-10-01,239
Fire-3rd Alarm,2016-10-01,453
Utility-Other,2016-10-03,689
Fire-1st Alarm,2016-10-06,91
Utility-Manhole,2016-10-10,702
Fire-1st Alarm,2016-10-10,86
Utility-Gas High Pressure,2016-10-11,2965
Utility-Other,2016-10-12,132
Fire-10-76 (Commercial High Rise Fire),2016-10-13,4360
Utility-Water Service Line,2016-10-14,328
Utility-Other,2016-10-17,433
Utility-Other,2016-10-17,343
Fire-1st Alarm,2016-10-22,856
Fire-1st Alarm,2016-10-25,121
Utility-Other,2016-10-25,621
Fire-3rd Alarm,2016-10-26,1761
Fire-Collapse,2016-11-04,7341
Utility-Other,2016-11-05,323
Fire-1st Alarm,2016-11-07,179
Utility-Gas High Pressure,2016-11-10,3380
Fire-10-77 (Residential High Rise Fire),2016-11-12,113
Utility-Power Outage,2016-11-18,558
Utility-Power Outage,2016-11-18,2148
Utility-Other,2016-11-22,1543
Fire-10-76 (Commercial High Rise Fire),2016-11-26,117
Fire-3rd Alarm,2016-11-27,2285
Utility-Other,2016-11-29,3033
Utility-Manhole,2016-11-29,283
Fire-3rd Alarm,2016-11-30,236
Fire-3rd Alarm,2016-11-30,619
Utility-Power Outage,2016-11-30,1326
Utility-Power Outage,2016-11-30,83
Utility-Gas High Pressure,2016-12-06,70
Utility-Water Service Line,2016-12-06,4717
Utility-Other,2016-12-06,5470
Fire-Other,2016-12-07,1000
Fire-Other,2016-12-10,248
Utility-Power Outage,2016-12-12,63
Fire-4th Alarm,2016-12-13,338
Fire-10-77 (Residential High Rise Fire),2016-12-14,105
Utility-Other,2016-12-14,176
Fire-1st Alarm,2016-12-17,710
Fire-10-76 (Commercial High Rise Fire),2016-12-18,281
Utility-Gas High Pressure,2016-12-19,1519
Utility-Gas High Pressure,2016-12-19,211
Utility-Other,2016-12-20,136
Utility-Power Outage,2016-12-22,74
Fire-4th Alarm,2016-12-22,698
Utility-Other,2016-12-23,1544
Fire-1st Alarm,2016-12-25,2255
Fire-5th Alarm,2016-12-30,1554
Utility-Manhole,2017-01-02,75
Fire-Manhole,2017-01-04,250
Utility-Gas Service Line,2017-01-05,214
Fire-3rd Alarm,2017-01-06,769
Utility-Other,2017-01-07,277
Fire-3rd Alarm,2017-01-08,471
Fire-10-76 (Commercial High Rise Fire),2017-01-08,85
Utility-Other,2017-01-09,927
Fire-3rd Alarm,2017-01-09,305
Utility-Power Outage,2017-01-10,165
Fire-5th Alarm,2017-01-11,553
Fire-Haz Mat,2017-01-11,168
Fire-3rd Alarm,2017-01-12,142
Fire-10-77 (Residential High Rise Fire),2017-01-16,1475
Utility-Power Outage,2017-01-17,64
Utility-Manhole,2017-01-17,153
Utility-Power Outage,2017-01-17,115
Utility-Manhole,2017-01-17,99
Utility-Power Outage,2017-01-17,97
Utility-Power Outage,2017-01-20,93
Fire-4th Alarm,2017-01-21,187
Utility-Water Service Line,2017-01-23,3897
Utility-Water Service Line,2017-01-23,109
Utility-Other,2017-01-23,297
Utility-Power Outage,2017-01-23,82
Fire-1st Alarm,2017-01-23,492
Fire-3rd Alarm,2017-01-24,348
Fire-4th Alarm,2017-01-25,1680
Fire-3rd Alarm,2017-01-29,369
Utility-Power Outage,2017-02-01,219
Fire-4th Alarm,2017-02-08,1113
Fire-3rd Alarm,2017-02-09,217
Utility-Power Outage,2017-02-10,1021
Fire-10-76 (Commercial High Rise Fire),2017-02-11,132
Utility-Water Service Line,2017-02-11,503
Utility-Power Outage,2017-02-11,700
Utility-Power Outage,2017-02-12,74
Fire-1st Alarm,2017-02-14,701
Fire-Manhole,2017-02-14,147
Utility-Other,2017-02-14,3569
Utility-Power Outage,2017-02-15,455
Utility-Power Outage,2017-02-15,4308
Fire-10-76 (Commercial High Rise Fire),2017-02-17,71
Fire-Collapse,2017-02-19,395
Utility-Water Service Line,2017-02-20,91
Fire-10-76 (Commercial High Rise Fire),2017-02-21,226
Fire-1st Alarm,2017-02-22,64
Fire-1st Alarm,2017-02-23,84
Utility-Manhole,2017-02-23,362
Fire-4th Alarm,2017-02-24,1283
Utility-Other,2017-02-27,574
Fire-4th Alarm,2017-03-01,3809
Fire-10-76 (Commercial High Rise Fire),2017-03-02,803
Fire-10-77 (Residential High Rise Fire),2017-03-03,114
Utility-Other,2017-03-03,1841
Fire-1st Alarm,2017-03-05,159
Fire-4th Alarm,2017-03-06,5242
Fire-5th Alarm,2017-03-12,1729
Fire-10-76 (Commercial High Rise Fire),2017-03-13,97
Fire-Collapse,2017-03-14,111
Utility-Gas High Pressure,2017-03-17,270
Fire-10-76 (Commercial High Rise Fire),2017-03-17,127
Fire-Other,2017-03-19,100
Utility-Power Outage,2017-03-21,160
Utility-Gas Service Line,2017-03-21,1060
Utility-Power Outage,2017-03-22,556
Fire-Other,2017-03-23,476
Fire-Other,2017-03-24,96
Fire-10-76 (Commercial High Rise Fire),2017-03-28,74
Fire-1st Alarm,2017-03-30,124
Fire-Haz Mat,2017-03-30,259
Fire-1st Alarm,2017-03-31,5939
Fire-Other,2017-04-01,1381
Utility-Power Outage,2017-04-02,280
Fire-1st Alarm,2017-04-04,102
Fire-Other,2017-04-05,110
Fire-3rd Alarm,2017-04-09,1294
Fire-10-76 (Commercial High Rise Fire),2017-04-09,533
Fire-10-76 (Commercial High Rise Fire),2017-04-18,112
Utility-Power Outage,2017-04-18,338
Fire-Manhole,2017-04-19,128
Utility-Power Outage,2017-04-20,63
Fire-1st Alarm,2017-04-23,4157
Fire-Manhole,2017-04-24,811
Utility-Water Service Line,2017-04-25,148
Fire-1st Alarm,2017-04-25,87
Utility-Gas Service Line,2017-04-26,262
Utility-Manhole,2017-04-27,974
Fire-3rd Alarm,2017-04-28,2680
Fire-3rd Alarm,2017-04-28,585
Fire-3rd Alarm,2017-04-28,1542
Fire-3rd Alarm,2017-04-29,141
Utility-Other,2017-04-29,615
Utility-Power Outage,2017-04-29,265
Fire-Haz Mat,2017-04-30,67
Fire-1st Alarm,2017-05-08,191
Fire-1st Alarm,2017-05-10,120
Fire-10-76 (Commercial High Rise Fire),2017-05-10,228
Fire-Collapse,2017-05-13,112
Fire-Sensitive Location,2017-05-17,1641
Fire-Other,2017-05-19,127
Utility-Manhole,2017-05-20,387
Fire-5th Alarm,2017-05-21,3607
Fire-3rd Alarm,2017-05-23,509
Fire-Manhole,2017-05-30,345
Fire-Collapse,2017-06-03,926
Fire-10-76 (Commercial High Rise Fire),2017-06-03,129
Fire-10-76 (Commercial High Rise Fire),2017-06-13,103
Utility-Power Outage,2017-06-13,144
Fire-Other,2017-06-21,160
Fire-1st Alarm,2017-06-21,190
Utility-Power Outage,2017-06-21,71
Fire-5th Alarm,2017-06-22,3402
Fire-1st Alarm,2017-06-30,140
Utility-Power Outage,2017-07-01,440
Fire-4th Alarm,2017-07-04,1935
Fire-3rd Alarm,2017-07-05,842
Fire-3rd Alarm,2017-07-05,268
Utility-Power Outage,2017-07-06,886
Utility-Other,2017-07-10,84
Utility-Water Service Line,2017-07-11,282
Utility-Gas High Pressure,2017-07-11,523
Fire-School,2017-07-11,87
Utility-Gas High Pressure,2017-07-13,1354
Utility-Gas High Pressure,2017-07-13,84
Utility-Power Outage,2017-07-13,422
Utility-Manhole,2017-07-13,1472
Utility-Power Outage,2017-07-13,345
Utility-Power Outage,2017-07-13,423
Utility-Power Outage,2017-07-15,512
Fire-10-76 (Commercial High Rise Fire),2017-07-17,70
Utility-Power Outage,2017-07-18,460
Utility-Power Outage,2017-07-19,211
Utility-Other,2017-07-27,110
Utility-Manhole,2017-07-29,1427
Utility-Manhole,2017-07-29,361
Fire-1st Alarm,2017-08-01,201
Fire-1st Alarm,2017-08-02,220
Fire-1st Alarm,2017-08-06,142
Utility-Water Service Line,2017-08-06,78
Utility-Gas Main Rupture,2017-08-08,108
Utility-Gas High Pressure,2017-08-10,60
Utility-Other,2017-08-11,476
Utility-Gas High Pressure,2017-08-11,218
Utility-Power Outage,2017-08-14,266
Utility-Water Service Line,2017-08-20,1053
Fire-Explosion,2017-08-24,120
Fire-Manhole,2017-08-25,984
Fire-3rd Alarm,2017-08-28,234
Fire-School,2017-09-04,80
Utility-Other,2017-09-05,180
Utility-Other,2017-09-05,213
Fire-Other,2017-09-08,104
Utility-Other,2017-09-14,1889
Fire-Haz Mat,2017-09-16,83
Fire-Other,2017-09-17,3368
Utility-Power Outage,2017-09-17,852
Fire-Haz Mat,2017-09-22,109
Fire-1st Alarm,2017-09-24,107
Fire-1st Alarm,2017-09-27,375
Utility-Power Outage,2017-09-29,101
Utility-Power Outage,2017-09-29,121
Utility-Power Outage,2017-10-07,74
Fire-3rd Alarm,2017-10-16,136
Utility-Water Service Line,2017-10-17,212
Utility-Gas High Pressure,2017-10-18,1514
Utility-Other,2017-10-18,247
Fire-3rd Alarm,2017-10-23,1614
Utility-Power Outage,2017-10-23,112
Utility-Water Service Line,2017-10-24,535
Fire-Sensitive Location,2017-10-24,207
Fire-Haz Mat,2017-10-25,321
Utility-Gas High Pressure,2017-10-25,104
Utility-Gas High Pressure,2017-10-27,63
Utility-Gas High Pressure,2017-10-27,85
Fire-10-76 (Commercial High Rise Fire),2017-10-30,200
Fire-3rd Alarm,2017-11-02,274
Utility-Other,2017-11-04,113
Fire-3rd Alarm,2017-11-10,551
Fire-10-76 (Commercial High Rise Fire),2017-11-12,174
Fire-10-76 (Commercial High Rise Fire),2017-11-16,91
Utility-Power Outage,2017-11-16,256
Fire-Collapse,2017-11-19,851
Fire-School,2017-11-21,128
Fire-Haz Mat,2017-11-22,75
Fire-3rd Alarm,2017-11-23,181
Fire-4th Alarm,2017-11-26,6335
Fire-3rd Alarm,2017-11-26,195
Fire-10-76 (Commercial High Rise Fire),2017-11-27,105
Utility-Water Service Line,2017-11-28,1043
Fire-1st Alarm,2017-11-29,87
Fire-10-77 (Residential High Rise Fire),2017-11-29,1575
Fire-1st Alarm,2017-12-01,63
Fire-10-76 (Commercial High Rise Fire),2017-12-06,88
Fire-Other,2017-12-06,320
Fire-Explosion,2017-12-07,284
Utility-Gas Main Rupture,2017-12-08,1244
Utility-Manhole,2017-12-12,686
Utility-Gas High Pressure,2017-12-13,399
Fire-1st Alarm,2017-12-15,87
Fire-Sensitive Location,2017-12-17,118
Fire-3rd Alarm,2017-12-18,3833
Fire-10-77 (Residential High Rise Fire),2017-12-18,185
Utility-Other,2017-12-18,85
Fire-3rd Alarm,2017-12-25,4020
Fire-1st Alarm,2017-12-25,89
Fire-3rd Alarm,2017-12-27,668
Fire-3rd Alarm,2017-12-28,3319
Utility-Manhole,2017-12-29,104
Fire-3rd Alarm,2018-01-01,3656
Utility-Other,2018-01-02,1482
Fire-3rd Alarm,2018-01-02,821
Fire-3rd Alarm,2018-01-02,389
Utility-Water Service Line,2018-01-05,1261
Utility-Other,2018-01-06,91
Utility-Other,2018-01-06,4661
Fire-10-76 (Commercial High Rise Fire),2018-01-08,108
Fire-10-76 (Commercial High Rise Fire),2018-01-08,74
Utility-Power Outage,2018-01-09,332
Utility-Other,2018-01-09,4094
Fire-Haz Mat,2018-01-10,9231
Utility-Other,2018-01-11,1242
Utility-Other,2018-01-12,582
Fire-10-77 (Residential High Rise Fire),2018-01-12,316
Utility-Other,2018-01-13,912
Utility-Power Outage,2018-01-17,69
Utility-Manhole,2018-01-17,974
Fire-3rd Alarm,2018-01-18,821
Utility-Other,2018-01-18,134
Fire-Manhole,2018-01-18,640
Fire-10-77 (Residential High Rise Fire),2018-01-18,94
Fire-3rd Alarm,2018-01-18,276
Fire-Explosion,2018-01-20,1868
Fire-10-76 (Commercial High Rise Fire),2018-01-22,79
Fire-3rd Alarm,2018-01-22,5497
Utility-Gas Service Line,2018-01-24,73
Fire-1st Alarm,2018-01-24,1407
Fire-Other,2018-01-26,644
Fire-4th Alarm,2018-01-30,3435
Fire-10-77 (Residential High Rise Fire),2018-02-05,311
Utility-Power Outage,2018-02-07,98
Fire-1st Alarm,2018-02-08,185
Fire-1st Alarm,2018-02-09,351
Fire-Other,2018-02-11,171
Utility-Manhole,2018-02-14,367
Utility-Water Service Line,2018-02-16,107
Utility-Power Outage,2018-02-21,147
Utility-Gas Main Rupture,2018-02-22,573
Fire-3rd Alarm,2018-02-28,1409
Fire-School,2018-03-01,73
Fire-Explosion,2018-03-02,4038
Utility-Power Outage,2018-03-02,62
Fire-Other,2018-03-02,236
Utility-Gas Main Rupture,2018-03-06,652
Utility-Power Outage,2018-03-07,537
Utility-Power Outage,2018-03-08,118
Utility-Water Service Line,2018-03-09,1177
Fire-Sensitive Location,2018-03-13,148
Fire-5th Alarm,2018-03-16,1661
Utility-Gas High Pressure,2018-03-17,439
Fire-3rd Alarm,2018-03-19,316
Fire-10-77 (Residential High Rise Fire),2018-03-19,97
Fire-10-76 (Commercial High Rise Fire),2018-03-21,99
Utility-Manhole,2018-03-22,286
Utility-Other,2018-03-22,966
Fire-4th Alarm,2018-03-24,3599
Fire-Haz Mat,2018-03-24,153
Fire-10-77 (Residential High Rise Fire),2018-04-02,177
Fire-10-77 (Residential High Rise Fire),2018-04-03,109
Fire-4th Alarm,2018-04-07,5339
Fire-10-77 (Residential High Rise Fire),2018-04-09,560
Fire-1st Alarm,2018-04-10,119
Fire-4th Alarm,2018-04-11,1096
Fire-10-76 (Commercial High Rise Fire),2018-04-16,356
Fire-3rd Alarm,2018-04-17,248
Utility-Gas High Pressure,2018-04-20,502
Fire-3rd Alarm,2018-04-21,283
Fire-3rd Alarm,2018-04-27,181
Fire-3rd Alarm,2018-04-29,2186
Fire-Sensitive Location,2018-05-03,89
Fire-Collapse,2018-05-03,221
Utility-Power Outage,2018-05-03,3139
Fire-10-77 (Residential High Rise Fire),2018-05-05,68
Fire-School,2018-05-10,111
Fire-Other,2018-05-10,169
Fire-Other,2018-05-10,5284
Fire-4th Alarm,2018-05-10,250
Fire-Sensitive Location,2018-05-13,233
Utility-Gas High Pressure,2018-05-15,598
Fire-Collapse,2018-05-15,93
Fire-10-76 (Commercial High Rise Fire),2018-05-16,74
Fire-Collapse,2018-05-17,212
Fire-3rd Alarm,2018-05-21,1054
Fire-3rd Alarm,2018-05-21,2138
Fire-4th Alarm,2018-05-27,659
Fire-3rd Alarm,2018-05-28,197
Fire-3rd Alarm,2018-06-06,273
Fire-Sensitive Location,2018-06-07,295
Fire-3rd Alarm,2018-06-13,205
Fire-1st Alarm,2018-06-14,1266
Fire-Other,2018-06-16,102
Fire-5th Alarm,2018-06-16,226
Fire-Collapse,2018-06-19,1075
Fire-3rd Alarm,2018-06-19,128
Fire-Manhole,2018-06-22,2162
Fire-1st Alarm,2018-06-22,75
Fire-Collapse,2018-06-23,9831
Utility-Water Service Line,2018-06-23,841
Fire-1st Alarm,2018-06-23,90
Utility-Other,2018-06-25,3830
Fire-10-77 (Residential High Rise Fire),2018-06-30,244
Fire-10-76 (Commercial High Rise Fire),2018-07-01,78
Utility-Power Outage,2018-07-02,360
Utility-Gas Main Rupture,2018-07-03,575
Fire-Other,2018-07-05,182
Fire-10-76 (Commercial High Rise Fire),2018-07-06,206
Utility-Power Outage,2018-07-09,303
Fire-3rd Alarm,2018-07-09,698
Fire-4th Alarm,2018-07-10,395
Fire-Haz Mat,2018-07-12,275
Utility-Other,2018-07-12,355
Utility-Manhole,2018-07-17,269
Fire-1st Alarm,2018-07-26,257
Utility-Power Outage,2018-07-27,1480
Utility-Gas High Pressure,2018-07-28,126
Utility-Power Outage,2018-08-02,677
Utility-Power Outage,2018-08-03,1040
Fire-3rd Alarm,2018-08-07,265
Utility-Power Outage,2018-08-11,427
Utility-Other,2018-08-14,228
Fire-3rd Alarm,2018-08-14,173
Utility-Power Outage,2018-08-15,237
Utility-Other,2018-08-17,854
Fire-3rd Alarm,2018-08-17,707
Fire-4th Alarm,2018-08-22,1836
Fire-Other,2018-08-27,304
Fire-Sensitive Location,2018-08-27,80
Fire-Manhole,2018-08-28,622
Utility-Gas High Pressure,2018-08-30,153
Fire-Haz Mat,2018-09-02,140
Utility-Power Outage,2018-09-04,67
Fire-3rd Alarm,2018-09-05,209
Fire-Haz Mat,2018-09-07,6208
Fire-1st Alarm,2018-09-07,220
Fire-3rd Alarm,2018-09-11,346
Fire-10-76 (Commercial High Rise Fire),2018-09-18,870
Fire-Manhole,2018-09-18,278
Fire-Other,2018-09-19,160
Fire-3rd Alarm,2018-09-24,148
Fire-Manhole,2018-09-25,1263
Utility-Power Outage,2018-09-26,98
Fire-4th Alarm,2018-09-29,2937
Fire-Sensitive Location,2018-09-30,184
Fire-Haz Mat,2018-10-11,74
Fire-Other,2018-10-11,244
Fire-Other,2018-10-12,169
Fire-1st Alarm,2018-10-15,99
Utility-Power Outage,2018-10-16,594
Utility-Gas Main Rupture,2018-10-17,251
Utility-Power Outage,2018-10-19,132
Fire-10-76 (Commercial High Rise Fire),2018-10-23,94
Fire-1st Alarm,2018-10-29,137
Fire-10-76 (Commercial High Rise Fire),2018-10-30,139
Utility-Manhole,2018-11-09,427
Fire-3rd Alarm,2018-11-13,129
Utility-Gas High Pressure,2018-11-14,547
Fire-10-76 (Commercial High Rise Fire),2018-11-14,79
Fire-Explosion,2018-11-16,86
Utility-Gas High Pressure,2018-11-19,121
Fire-Manhole,2018-11-19,917
Fire-Other,2018-11-21,70
Fire-Other,2018-11-21,342
Fire-Other,2018-11-21,107
Fire-3rd Alarm,2018-11-22,1320
Fire-10-76 (Commercial High Rise Fire),2018-11-25,216
Fire-Haz Mat,2018-11-25,2429
Fire-3rd Alarm,2018-11-29,7870
Fire-Collapse,2018-11-29,8847
Fire-1st Alarm,2018-12-04,236
Fire-3rd Alarm,2018-12-04,4039
Fire-1st Alarm,2018-12-07,115
Fire-3rd Alarm,2018-12-09,148
Fire-Sensitive Location,2018-12-10,503
Utility-Other,2018-12-11,2910
Fire-1st Alarm,2018-12-11,83
Fire-5th Alarm,2018-12-13,2356
Fire-1st Alarm,2018-12-14,104
Fire-3rd Alarm,2018-12-14,207
Utility-Other,2018-12-17,247
Fire-3rd Alarm,2018-12-19,496
Fire-1st Alarm,2018-12-20,1670
Fire-1st Alarm,2018-12-20,187
Utility-Power Outage,2018-12-20,65
Fire-10-76 (Commercial High Rise Fire),2018-12-21,407
Fire-Sensitive Location,2018-12-21,146
Utility-Power Outage,2018-12-21,148
Fire-10-77 (Residential High Rise Fire),2018-12-22,110
Fire-1st Alarm,2018-12-23,2224
Fire-1st Alarm,2018-12-25,1610
