,Incident Type,Response Time,minute
966,Structural+AC0-Construction Accident,71,60
1049,Structural+AC0-Confined Space,167,60
1052,Structural+AC0-Scaffold,204,60
1084,Structural+AC0-Bricks,1507,60
1081,Structural+AC0-Construction Accident,36,60
1119,Structural+AC0-Collapse,581,60
6176,Structural+AC0-Life Safety Violations,1025,60
1436,Structural+AC0-Collapse,6234,60
1128,Structural+AC0-Street Collapse,214,60
6334,Structural+AC0-Street Collapse,182,60
1130,Structural+AC0-Other,22,60
6362,Structural+AC0-Scaffold,312,60
1150,Structural+AC0-Truck Into Underpass,211,60
1151,Structural+AC0-Collapse,725,60
1154,Structural+AC0-Sidewalk Shed,342,60
1155,Structural+AC0-Collapse,238,60
1156,Structural+AC0-Falling Debris,1684,60
1179,Structural+AC0-Life Safety Violations,130,60
6247,Structural+AC0-Sink Hole,1838,60
6471,Structural+AC0-Struck Overpass,288,60
6206,Structural+AC0-Stability Problem,1910,60
6017,Structural+AC0-Life Safety Violations,2405,60
6299,Structural+AC0-Scaffold,88,60
6445,Structural+AC0-Bricks,32,60
1184,Structural+AC0-Construction Accident,129,60
1285,Structural+AC0-Life Safety Violations,6234,60
1281,Structural+AC0-Stability Problem,6234,60
6002,Structural+AC0-Collapse,132,60
1279,Structural+AC0-Stability Problem,70,60
2531,Structural+AC0-Street Collapse,259,60
6233,Structural+AC0-Street Collapse,178,60
1350,Structural+AC0-Tractor Trailer Hit Overpass,173,60
1367,Structural+AC0-Street Collapse,6234,60
6235,Structural+AC0-Falling Debris,138,60
1433,Structural+AC0-Life Safety Violations,1438,60
1432,Structural+AC0-Life Safety Violations,1080,60
6336,Structural+AC0-Overturned Crane,582,60
1460,Structural+AC0-Parapet,96,60
6248,Structural+AC0-Bridge,508,60
1482,Structural+AC0-Tour Bus into Scaffolding,86,60
6102,Structural+AC0-Construction Accident,189,60
1483,Structural+AC0-Street Collapse,117,60
6268,Structural+AC0-Shaking Building,19,60
6386,Structural+AC0-Scaffold,17,60
6249,Structural+AC0-Other,114,60
1614,Structural+AC0-Partial Collapse,1780,60
1565,Structural+AC0-Scaffold,98,60
1639,Structural+AC0-Basement Flooding,5756,60
1617,Structural+AC0-Street Collapse,3464,60
1637,Structural+AC0-Street Collapse,601,60
1635,Structural+AC0-Street Collapse,333,60
1654,Structural+AC0-Crane Collapse,1663,60
1638,Structural+AC0-Stability Problem,218,60
1653,Structural+AC0-Stability Problem,746,60
1656,Structural+AC0-Bricks,3028,60
6178,Structural+AC0-Collapse,6234,60
6535,Structural+AC0-Earthquake,2263,60
1659,Structural+AC0-Damaged Water Tank,455,60
1676,Structural+AC0-Stability Problem,190,60
1678,Structural+AC0-Retaining Wall Collapse,241,60
6491,Structural+AC0-Retaining Wall Collapse,499,60
1701,Structural+AC0-Stability Problem,6234,60
1679,Structural+AC0-Partial Collapse,575,60
6455,Structural+AC0-Partial Collapse,407,60
1709,Structural+AC0-Falling Debris,2673,60
1718,Structural+AC0-Illegal Signs,205,60
1736,Structural+AC0-Street Collapse,838,60
1756,Structural+AC0-Bricks,1672,60
6415,Structural+AC0-Partial Collapse,4686,60
1785,Structural+AC0-Collapse,1551,60
1784,Structural+AC0-Construction Accident,16,60
6472,Structural+AC0-Collapse,213,60
1787,Structural+AC0-Street Collapse,7,60
6416,Structural+AC0-Dangerous Condition +AC0- Tree Into a House,1663,60
6388,Structural+AC0-Street Collapse,435,60
1808,Structural+AC0-Collapse,4412,60
1802,Structural+AC0-Stability Problem,85,60
1803,Structural+AC0-Partial Collapse,172,60
6181,Structural+AC0-Tree Into Building,4367,60
1881,Structural+AC0-Settlement/Sinkhole Condition,6234,60
1811,Structural+AC0-Partial Collapse,159,60
1827,Structural+AC0-Scaffold,182,60
1835,Structural+AC0-Construction Accident,49,60
1860,Structural+AC0-Falling Debris,119,60
1889,Structural+AC0-Street Collapse,302,60
6600,Structural+AC0-Sinkhole,259,60
1935,Structural+AC0-Scaffold,125,60
1991,Structural+AC0-Collapse,6234,60
1963,Structural+AC0-Scaffold,90,60
1984,Structural+AC0-Collapse,2951,60
1990,Structural+AC0-Collapse,125,60
6278,Structural+AC0-Collapse,259,60
2019,Structural+AC0-Bricks,118,60
2039,Structural+AC0-Crane Worker Injury,66,60
6269,Structural+AC0-Life Safety Violations,56,60
2043,Structural+AC0-Life Safety Violations,130,60
6449,Structural+AC0-Construction Accident,47,60
2071,Structural+AC0-Stability Problem,124,60
2111,Structural+AC0-Street Collapse,78,60
2112,Structural+AC0-Partial Collapse,61,60
2113,Structural+AC0-Collapse,138,60
2141,Structural+AC0-Scaffold,1000,60
2148,Structural+AC0-Construction Accident,147,60
6392,Structural+AC0-Collapse,73,60
2169,Structural+AC0-Construction Accident,82,60
6406,Structural+AC0-Partial Collapse,6234,60
2188,Structural+AC0-Stability Problem,51,60
2200,Structural+AC0-Scaffold,646,60
2205,Structural+AC0-Scaffold,37,60
2227,Structural+AC0-Falling Debris,140,60
2271,Structural+AC0-Falling Debris,6234,60
2263,Structural+AC0-Falling Debris,82,60
2277,Structural+AC0-Scaffold,102,60
2289,Structural+AC0-Construction Accident,281,60
2291,Structural+AC0-Collapse,35,60
2302,Structural+AC0-Partial Collapse,3246,60
2306,Structural+AC0-Overpass,356,60
6375,Structural+AC0-Falling Debris,139,60
2330,Structural+AC0-Scaffold,34,60
6619,Structural+AC0-Sidewalk Shed,581,60
2335,Structural+AC0-Collapse,118,60
6492,Structural+AC0-Collapse,86,60
2366,Structural+AC0-Construction Fence,67,60
6405,Structural+AC0-Car Into House,283,60
6671,Structural+AC0-Confined Space,44,60
6611,Structural+AC0-Falling Debris,203,60
2423,Structural+AC0-Stability Problem,184,60
6539,Structural+AC0-Stability Problem,4546,60
2486,Structural+AC0-Bricks,120,60
2503,Structural+AC0-Car Into a Building,62,60
6571,Structural+AC0-Collapse,2159,60
2511,Structural+AC0-Car Into Building,89,60
2512,Structural+AC0-Falling Debris,50,60
6540,Structural+AC0-Partial Collapse,542,60
6576,Structural+AC0-Construction Accident,116,60
2527,Structural+AC0-Scaffold,118,60
2538,Structural+AC0-Construction Accident,84,60
2541,Structural+AC0-DOB Schedule Vacate,1463,60
6642,Structural+AC0-Collapse,3562,60
6451,Structural+AC0-Collapse,107,60
2548,Structural+AC0-Collapse,2460,60
2553,Structural+AC0-Life Safety Violations,6234,60
2555,Structural+AC0-Elevator Incident,48,60
2558,Structural+AC0-Collapse,80,60
2565,Structural+AC0-Scaffold,259,60
2570,Structural+AC0-Falling Debris,163,60
2581,Structural+AC0-Scaffold,103,60
2586,Structural+AC0-Scaffold,89,60
2618,Structural+AC0-Collapse,6129,60
2644,Structural+AC0-Stability Problem,6234,60
2616,Structural+AC0-Scaffold,352,60
2639,Structural+AC0-Cracks,67,60
2651,Structural+AC0-Construction Accident,94,60
2650,Structural+AC0-Construction Accident,34,60
6464,Structural+AC0-Scaffold,127,60
2653,Structural+AC0-Construction Accident,529,60
6484,Structural+AC0-Car into Building,144,60
2672,Structural+AC0-Scaffold,40,60
6494,Structural+AC0-Life Safety Violations,259,60
6692,Structural+AC0-Collapse,592,60
2692,Structural+AC0-Collapse,848,60
2695,Structural+AC0-Car into Building,105,60
2702,Structural+AC0-Construction Accident,23,60
2708,Structural+AC0-Partial Collapse,291,60
2718,Structural+AC0-Falling Debris,56,60
6630,Structural+AC0-Construction Accident,106,60
6745,Structural+AC0-Falling Debris,567,60
2882,Structural+AC0-Street Collapse,259,60
2720,Structural+AC0-Street Collapse,47,60
2721,Structural+AC0-Collapse,156,60
3750,Structural+AC0-Street Collapse,6234,60
3201,Structural+AC0-Street Collapse,1674,60
6746,Structural+AC0-Collapse,6234,60
6506,Structural+AC0-Scaffold,230,60
2729,Structural+AC0-Collapse,1462,60
6606,Structural+AC0-Street Collapse,1193,60
6681,Structural+AC0-Street Collapse,6234,60
2733,Structural+AC0-Scaffold,500,60
6624,Structural+AC0-Stability Problem,933,60
2735,Structural+AC0-Construction Accident,93,60
2739,Structural+AC0-Partial Collapse,1073,60
2752,Structural+AC0-Street Collapse,466,60
6682,Structural+AC0-Construction Accident,79,60
2762,Structural+AC0-Collapse,2361,60
2883,Structural+AC0-Scaffold,259,60
2780,Structural+AC0-Falling Debris,317,60
6543,Structural+AC0-Street Collapse,6234,60
2788,Structural+AC0-Falling Debris,2405,60
2806,Structural+AC0-Construction Accident,101,60
6607,Structural+AC0-Partial Collapse,399,60
2815,Structural+AC0-Stability Problem,50,60
2836,Structural+AC0-Undermining,1930,60
6650,Structural+AC0-Life Safety Violations,1561,60
2840,Structural+AC0-Sidewalk Shed,424,60
2844,Structural+AC0-Car Into Building,913,60
2866,Structural+AC0-Collapse,4587,60
2894,Structural+AC0-Roadway Depression,259,60
2863,Structural+AC0-Scaffold,88,60
2864,Structural+AC0-Falling Debris,74,60
2873,Structural+AC0-Injuried Construction Worker,259,60
2885,Structural+AC0-Car into Building,831,60
2895,Structural+AC0-Sidewalk Collapse,1242,60
2906,Structural+AC0-Retaining Wall,1469,60
2904,Structural+AC0-Car Into Building,51,60
2908,Structural+AC0-Collapse,1457,60
2927,Structural+AC0-Vacate,489,60
2926,Structural+AC0-Construction Accident,39,60
6803,Structural+AC0-Falling Debris,6234,60
6574,Structural+AC0-Unstable Building,6234,60
2976,Structural+AC0-Stability Problem,6234,60
2930,Structural+AC0-Life Safety Violations,193,60
2932,Structural+AC0-Evacuation,1517,60
2933,Structural+AC0-Vacate,671,60
6596,Structural+AC0-Collapse,1285,60
2945,Structural+AC0-Life Safety Violations,263,60
6768,Structural+AC0-Stability Problem,291,60
2951,Structural+AC0-Partial Collapse,532,60
6610,Structural+AC0-Cracks,259,60
6778,Structural+AC0-Collapse,16,60
2978,Structural+AC0-Scaffold,152,60
6830,Structural+AC0-Life Safety Violations,6234,60
2984,Structural+AC0-Confined Space,70,60
6580,Structural+AC0-Crane,259,60
6829,Structural+AC0-Collapse,4927,60
3005,Structural+AC0-Crane,113,60
6769,Structural+AC0-Collapse,3804,60
3036,Structural+AC0-Collapse,3975,60
3009,Structural+AC0-Partial Collapse,1015,60
3033,Structural+AC0-Construction Accident,40,60
3039,Structural+AC0-Life Safety Violations,296,60
3041,Structural+AC0-Evacuation,9,60
3084,Structural+AC0-Life Safety Violations,9,60
3108,Structural+AC0-Scaffold,108,60
3111,Structural+AC0-Crane,788,60
3164,Structural+AC0-Stability Problem,6234,60
3118,Structural+AC0-Scaffold,48,60
3120,Structural+AC0-Stability Problem,102,60
6626,Structural+AC0-Scaffold,153,60
3144,Structural+AC0-Truck into Building,98,60
3147,Structural+AC0-Stability Problem,136,60
6717,Structural+AC0-Sidewalk Shed,154,60
3149,Structural+AC0-Sidewalk Shed,41,60
6817,Structural+AC0-Bridge,94,60
3168,Structural+AC0-Partial Collapse,122,60
6818,Structural+AC0-Scaffold,420,60
6819,Structural+AC0-Scaffold,455,60
3205,Structural+AC0-Partial Collapse,6234,60
6705,Structural+AC0-Scaffold,113,60
3193,Structural+AC0-Sidewalk Shed,86,60
3200,Structural+AC0-Sidewalk Shed,289,60
3203,Structural+AC0-Collapse,133,60
6758,Structural+AC0-Missing Construction Plate,50,60
6869,Structural+AC0-Scaffold,41,60
3207,Structural+AC0-Crane,2748,60
3209,Structural+AC0-Construction Accident,108,60
3226,Structural+AC0-Sidewalk Shed,91,60
6842,Structural+AC0-Life Safety Violations,117,60
3248,Structural+AC0-Sidewalk Shed,192,60
6880,Structural+AC0-Sidewalk Shed,42,60
3251,Structural+AC0-Stability Problem,5715,60
3272,Structural+AC0-Life Safety Violations,851,60
3275,Structural+AC0-Scaffold,399,60
3276,Structural+AC0-Life Safety Violations,145,60
3277,Structural+AC0-Construction Accident,49,60
6719,Structural+AC0-Stability Problem,951,60
6686,Structural+AC0-Falling Debris,254,60
6844,Structural+AC0-Construction Accident,38,60
3278,Structural+AC0-Collapse,83,60
3310,Structural+AC0-Partial Collapse,6234,60
3283,Structural+AC0-Life Safety Violations,123,60
3288,Structural+AC0-Life Safety Violations,911,60
3301,Structural+AC0-Life Safety Violations,96,60
3307,Structural+AC0-Stability Problem,65,60
3315,Structural+AC0-Falling Debris,845,60
3318,Structural+AC0-Partial Collapse,88,60
3339,Structural+AC0-Structural Integrity,182,60
3340,Structural+AC0-Scaffold,1037,60
6780,Structural+AC0-Stability Problem,112,60
3360,Structural+AC0-Collapse,5483,60
3357,Structural+AC0-Construction Accident,136,60
3397,Structural+AC0-Collapse,6234,60
3390,Structural+AC0-Construction Accident,183,60
3393,Structural+AC0-Stability Problem,516,60
3392,Structural+AC0-Scaffold,179,60
3422,Structural+AC0-Partial Collapse,1366,60
6914,Structural+AC0-Confined Space,39,60
6770,Structural+AC0-Stability Problem,149,60
6771,Structural+AC0-Crane,6234,60
3441,Structural+AC0-Street Collapse,6026,60
3444,Structural+AC0-Falling Debris,4247,60
6810,Structural+AC0-Construction Accident,99,60
3443,Structural+AC0-Car VS Building,122,60
6740,Structural+AC0-Construction Accident,35,60
6741,Structural+AC0-Collapse,187,60
3505,Structural+AC0-Collapse,6234,60
3471,Structural+AC0-Trees Down on Building,6234,60
3474,Structural+AC0-Collapse,124,60
3482,Structural+AC0-Confined Space,148,60
3485,Structural+AC0-Scaffold,152,60
3496,Structural+AC0-Scaffold,1123,60
3498,Structural+AC0-Sinkhole,113,60
6954,Structural+AC0-Stability Problem,1367,60
3508,Structural+AC0-Crane,21,60
6688,Structural+AC0-Bricks,129,60
3513,Structural+AC0-Street Collapse,2485,60
3538,Structural+AC0-Street Collapse,6234,60
3524,Structural+AC0-Stability Problem,211,60
6813,Structural+AC0-Collapse,6234,60
3531,Structural+AC0-Stability Problem,5760,60
3529,Structural+AC0-Collapse,749,60
3528,Structural+AC0-Vehicle into building,178,60
3536,Structural+AC0-Street Collapse,203,60
6906,Structural+AC0-Stability Problem,5135,60
6834,Structural+AC0-Stability Problem,168,60
3542,Structural+AC0-Cracks,1378,60
3543,Structural+AC0-Scaffold,261,60
6823,Structural+AC0-Collapse,2491,60
3545,Structural+AC0-Street Collapse,152,60
6849,Structural+AC0-Partial Collapse,84,60
6812,Structural+AC0-Stability Problem,6076,60
6724,Structural+AC0-Sidewalk Shed,120,60
6928,Structural+AC0-Partial Collapse,780,60
3611,Structural+AC0-Bricks,76,60
3636,Structural+AC0-Sinkhole,1620,60
3716,Structural+AC0-Sidewalk Collapse,6234,60
6859,Structural+AC0-Truck with Crane Struck Overpass,273,60
3665,Structural+AC0-Construction Accident,103,60
3707,Structural+AC0-Car Into a Building,1094,60
3711,Structural+AC0-Overturned Excavator,367,60
3714,Structural+AC0-Roller Coaster Accident,64,60
6777,Structural+AC0-Partial Collapse,5899,60
3730,Structural+AC0-Stability Problem,202,60
6890,Structural+AC0-Sidewalk Shed,267,60
3736,Structural+AC0-Life Safety Violations,187,60
3738,Structural+AC0-Sidewalk Shed,139,60
6788,Structural+AC0-Street Collapse,2940,60
3872,Structural+AC0-Life Safety Violations,6234,60
3777,Structural+AC0-Partial Collapse,6234,60
7087,Structural+AC0-Collapse,6234,60
3778,Structural+AC0-Car Into House,95,60
6851,Structural+AC0-Scaffold,109,60
3781,Structural+AC0-Life Safety Violations,448,60
6826,Structural+AC0-Street Collapse,111,60
6864,Structural+AC0-Scaffold Collapse,1374,60
3841,Structural+AC0-Crane,6234,60
3803,Structural+AC0-Stability Problem,327,60
6958,Structural+AC0-Collapse,6234,60
6879,Structural+AC0-Collapse,587,60
3830,Structural+AC0-Construction Accident,28,60
6950,Structural+AC0-Life Safety Violations,525,60
6827,Structural+AC0-Car into a Building,105,60
6837,Structural+AC0-Sidewalk Collapse,684,60
3844,Structural+AC0-Derelict Boat,205,60
3848,Structural+AC0-Falling Debris,249,60
3849,Structural+AC0-Sink Hole,1139,60
3873,Structural+AC0-Scaffold,146,60
3988,Structural+AC0-Scaffold,6234,60
4037,Structural+AC0-Street Cave+AC0-In,6234,60
7021,Structural+AC0-Scaffold,82,60
3883,Structural+AC0-Unstable Scaffolding,110,60
3885,Structural+AC0-Construction Accident,125,60
3892,Structural+AC0-Construction Accident,30,60
3905,Structural+AC0-Construction Accident,216,60
3909,Structural+AC0-Scaffold,117,60
6924,Structural+AC0-Sidewalk Shed,6234,60
6961,Structural+AC0-Sidewalk Shed,69,60
3939,Structural+AC0-Parapet,283,60
3938,Structural+AC0-Crane,136,60
7032,Structural+AC0-Partial Collapse,193,60
3960,Structural+AC0-Collapse,784,60
3982,Structural+AC0-Scaffold,57,60
4066,Structural+AC0-Bus into Building,219,60
4130,Structural+AC0-Stability Problem,6234,60
4134,Structural+AC0-Car into Building,86,60
4135,Structural+AC0-Scaffold,26,60
4156,Structural+AC0-Scaffold,47,60
4157,Structural+AC0-Sidewalk Shed,741,60
4199,Structural+AC0-Scaffold,588,60
4207,Structural+AC0-Scaffold,262,60
7027,Structural+AC0-Stability Problem,252,60
7002,Structural+AC0-Stability Problem,122,60
4257,Structural+AC0-Truck into Building,6234,60
4252,Structural+AC0-Life Safety Violations,243,60
4299,Structural+AC0-Demolition,6234,60
4277,Structural+AC0-Stability Problem,108,60
4278,Structural+AC0-Scaffold,43,60
4286,Structural+AC0-Partial Collapse,1585,60
4301,Structural+AC0-Stability Problem,584,60
4303,Structural+AC0-Collapse,459,60
4307,Structural+AC0-Partial Collapse,353,60
4310,Structural+AC0-Collapse,176,60
4321,Structural+AC0-Partial Collapse,2271,60
7047,Structural+AC0-Stability Problem,2428,60
4336,Structural+AC0-Partial Collapse,6234,60
4343,Structural+AC0-Partial Collapse,219,60
4340,Structural+AC0-Collapse,103,60
4396,Structural+AC0-One Vehicle Collision With Building Damage,482,60
4401,Structural+AC0-Ice Condition,330,60
4403,Structural+AC0-Car into store,357,60
4405,Structural+AC0-Car into Building,313,60
4415,Structural+AC0-Falling Debris,69,60
4472,Structural+AC0-Stability Problem,1604,60
4473,Structural+AC0-Unstable Balcony,253,60
7078,Structural+AC0-Construction Accident,248,60
7068,Structural+AC0-Stability Problem,131,60
7079,Structural+AC0-Parapet,208,60
5000,Structural+AC0-Collapse,6234,60
4478,Structural+AC0-Sidewalk Shed,1390,60
4480,Structural+AC0-Collapse,177,60
4520,Structural+AC0-Street Collapse,3253,60
7055,Structural+AC0-Construction Accident,134,60
7219,Structural+AC0-Bricks,2451,60
7097,Structural+AC0-Construction Accident,202,60
7209,Structural+AC0-Land Slide from Rain,141,60
7099,Structural+AC0-Collapse,6234,60
5115,Structural+AC0-Evacuation,6234,60
7131,Structural+AC0-Other,207,60
4573,Structural+AC0-Construction Accident,178,60
7119,Structural+AC0-Street Collapse,1031,60
4591,Structural+AC0-Scaffold,57,60
4614,Structural+AC0-Collapse,171,60
4616,Structural+AC0-Parapet,103,60
7182,Structural+AC0-Street Collapse,548,60
7161,Structural+AC0-Street Collapse,1024,60
7143,Structural+AC0-Scaffold,136,60
4633,Structural+AC0-Partial Collapse,113,60
7121,Structural+AC0-Stability Problem,1530,60
7222,Structural+AC0-Confined Space,251,60
7174,Structural+AC0-Construction Accident,60,60
7136,Structural+AC0-Partial Collapse,341,60
4657,Structural+AC0-Collapse,6234,60
7163,Structural+AC0-Street Collapse,153,60
4643,Structural+AC0-Partial Collapse,174,60
4644,Structural+AC0-Other,826,60
7150,Structural+AC0-Bricks,91,60
4674,Structural+AC0-Stability Problem,6234,60
4691,Structural+AC0-Street Collapse,6234,60
4666,Structural+AC0-Scaffold,155,60
7271,Structural+AC0-Collapse,874,60
4667,Structural+AC0-Construction Accident,82,60
4669,Structural+AC0-Scaffold,92,60
7260,Structural+AC0-Falling Debris,289,60
7203,Structural+AC0-Scaffold,193,60
4690,Structural+AC0-Stability Problem,91,60
7272,Structural+AC0-Scaffold,156,60
4695,Structural+AC0-Collapse,1206,60
4700,Structural+AC0-Scaffold,370,60
4720,Structural+AC0-Partial Collapse,414,60
7273,Structural+AC0-Collapse,162,60
7232,Structural+AC0-Stability Problem,6234,60
4761,Structural+AC0-Construction Accident,71,60
4766,Structural+AC0-Falling Debris,374,60
4719,Structural+AC0-Stability Problem,6234,60
7240,Structural+AC0-Confined Space,539,60
7207,Structural+AC0-Elevator,107,60
7288,Structural+AC0-Elevator,289,60
4823,Structural+AC0-Life Safety Violations,6234,60
7230,Structural+AC0-Collapse,159,60
4806,Structural+AC0-Construction Accident,266,60
7303,Structural+AC0-Life Safety Violations,320,60
4826,Structural+AC0-Street Collapse,326,60
4828,Structural+AC0-Sidewalk Shed,189,60
4829,Structural+AC0-Stability Problem,81,60
4839,Structural+AC0-Demolition,1223,60
7290,Structural+AC0-Partial Collapse,124,60
7256,Structural+AC0-Evacuation,127,60
4848,Structural+AC0-Life Safety Violations,259,60
4854,Structural+AC0-Collapse,254,60
7291,Structural+AC0-Falling Debris,217,60
7270,Structural+AC0-Other,6234,60
4876,Structural+AC0-Falling Debris,192,60
7277,Structural+AC0-Other,444,60
7279,Structural+AC0-Construction Accident,154,60
4917,Structural+AC0-Scaffold,484,60
4984,Structural+AC0-Stability Problem,1768,60
4985,Structural+AC0-Collapse,286,60
4986,Structural+AC0-Other,202,60
7301,Structural+AC0-Partial Collapse,3298,60
7294,Structural+AC0-Collapse,214,60
5005,Structural+AC0-Construction Accident,50,60
5019,Structural+AC0-Evacuation,461,60
5966,Structural+AC0-Bricks,225,60
7323,Structural+AC0-Stability Problem,260,60
5022,Structural+AC0-Falling Debris,118,60
5023,Structural+AC0-Tunnel,152,60
5045,Structural+AC0-Scaffold,211,60
7314,Structural+AC0-Scaffold,483,60
7315,Structural+AC0-Falling Debris,82,60
7335,Structural+AC0-Collapse,247,60
5069,Structural+AC0-Other,109,60
5070,Structural+AC0-Evacuation,244,60
7329,Structural+AC0-Scaffold,168,60
7330,Structural+AC0-Falling Debris,346,60
5073,Structural+AC0-Sidewalk Shed,142,60
7338,Structural+AC0-Collapse,754,60
5097,Structural+AC0-Confined Space,19,60
5099,Structural+AC0-Stability Problem,1204,60
7353,Structural+AC0-Street Collapse,170,60
5101,Structural+AC0-Life Safety Violations,348,60
5107,Structural+AC0-Stability Problem,171,60
7377,Structural+AC0-Collapse,6234,60
5148,Structural+AC0-Falling Debris,310,60
5191,Structural+AC0-Scaffold,675,60
7384,Structural+AC0-Other,60,60
7365,Structural+AC0-Collapse,122,60
5287,Structural+AC0-Demolition,2735,60
5252,Structural+AC0-Crane,185,60
5292,Structural+AC0-Partial Collapse,247,60
5294,Structural+AC0-Elevator,24,60
5311,Structural+AC0-Confined Space,120,60
7412,Structural+AC0-Stability Problem,1358,60
5340,Structural+AC0-Falling Debris,151,60
5358,Structural+AC0-Collapse,132,60
7424,Structural+AC0-Evacuation,73,60
7434,Structural+AC0-Street Collapse,47,60
5443,Structural+AC0-Life Safety Violations,188,60
5483,Structural+AC0-Construction Accident,167,60
7461,Structural+AC0-Collapse,6234,60
7453,Structural+AC0-Life Safety Violations,345,60
7454,Structural+AC0-Scaffold,434,60
7458,Structural+AC0-Life Safety Violations,106,60
5543,Structural+AC0-Scaffold,456,60
5560,Structural+AC0-Street Collapse,634,60
5619,Structural+AC0-Bricks,94,60
5621,Structural+AC0-Bridge,260,60
5691,Structural+AC0-Partial Collapse,38,60
7478,Structural+AC0-Scaffold,173,60
5695,Structural+AC0-Other,39,60
5732,Structural+AC0-Parapet,151,60
5774,Structural+AC0-Parapet,6234,60
5748,Structural+AC0-Scaffold,868,60
5837,Structural+AC0-Collapse,259,60
7500,Structural+AC0-Other,1079,60
7504,Structural+AC0-Construction Accident,112,60
5796,Structural+AC0-Partial Collapse,531,60
5836,Structural+AC0-Partial Collapse,158,60
6523,Structural+AC0-Bricks,2896,60
5839,Structural+AC0-Construction Accident,89,60
5873,Structural+AC0-Other,1438,60
5875,Structural+AC0-Scaffold,386,60
7533,Structural+AC0-Collapse,142,60
7534,Structural+AC0-Life Safety Violations,234,60
7538,Structural+AC0-Construction Accident,225,60
7539,Structural+AC0-Falling Debris,68,60
7564,Structural+AC0-Partial Collapse,6234,60
7555,Structural+AC0-Street Collapse,1892,60
7557,Structural+AC0-Other,186,60
7567,Structural+AC0-Stability Problem,152,60
7574,Structural+AC0-Bricks,1862,60
7579,Structural+AC0-Construction Accident,815,60
7580,Structural+AC0-Sidewalk Collapse,234,60
7586,Structural+AC0-Stability Problem,194,60
7591,Structural+AC0-Construction Accident,48,60
7599,Structural+AC0-Partial Collapse,213,60
7623,Structural+AC0-Crane,6234,60
7609,Structural+AC0-Street Collapse,636,60
7613,Structural+AC0-Street Collapse,1705,60
7617,Structural+AC0-Stability Problem,141,60
7621,Structural+AC0-Stability Problem,3641,60
7725,Structural+AC0-Bridge,6234,60
7624,Structural+AC0-Other,906,60
7636,Structural+AC0-Confined Space,0,60
7641,Structural+AC0-Scaffold,103,60
7650,Structural+AC0-Street Collapse,386,60
7661,Structural+AC0-Construction Accident,120,60
7662,Structural+AC0-Scaffold,70,60
7673,Structural+AC0-Other,4262,60
7678,Structural+AC0-Stability Problem,5495,60
7672,Structural+AC0-Bricks,725,60
7676,Structural+AC0-Collapse,169,60
7682,Structural+AC0-Street Collapse,71,60
7684,Structural+AC0-Other,143,60
7691,Structural+AC0-Other,446,60
7694,Structural+AC0-Falling Debris,259,60
7700,Structural+AC0-Bricks,2004,60
7709,Structural+AC0-Partial Collapse,67,60
7721,Structural+AC0-Partial Collapse,73,60
7734,Structural+AC0-Falling Debris,54,60
7793,Structural+AC0-Collapse,259,60
7738,Structural+AC0-Construction Accident,89,60
7741,Structural+AC0-Stability Problem,1186,60
7746,Structural+AC0-Other,53,60
7747,Structural+AC0-Bricks,19,60
7765,Structural+AC0-Scaffold,2255,60
7767,Structural+AC0-Crane,1296,60
7783,Structural+AC0-Construction Accident,71,60
7794,Structural+AC0-Collapse,195,60
7852,Structural+AC0-Street Collapse,259,60
7799,Structural+AC0-Partial Collapse,3162,60
7795,Structural+AC0-Street Collapse,386,60
7809,Structural+AC0-Confined Space,207,60
7816,Structural+AC0-Street Collapse,1072,60
7823,Structural+AC0-Scaffold,87,60
7845,Structural+AC0-Collapse,5696,60
7835,Structural+AC0-Sidewalk Shed,86,60
7838,Structural+AC0-Parapet,722,60
7840,Structural+AC0-Other,178,60
7850,Structural+AC0-Collapse,4511,60
7854,Structural+AC0-Construction Accident,239,60
7867,Structural+AC0-Collapse,1858,60
7872,Structural+AC0-Street Collapse,138,60
7878,Structural+AC0-Other,166,60
7888,Structural+AC0-Construction Accident,60,60
7900,Structural+AC0-Crane,39,60
7934,Structural+AC0-Life Safety Violations,6234,60
7928,Structural+AC0-Parapet,1528,60
7951,Structural+AC0-Confined Space,6234,60
7946,Structural+AC0-Other,7,60
7948,Structural+AC0-Scaffold,655,60
8006,Structural+AC0-Collapse,6234,60
7955,Structural+AC0-Confined Space,54,60
7956,Structural+AC0-Scaffold,200,60
7960,Structural+AC0-Scaffold,100,60
7983,Structural+AC0-Other,6234,60
7978,Structural+AC0-Street Collapse,1600,60
7977,Structural+AC0-Construction Accident,20,60
7979,Structural+AC0-Street Collapse,296,60
7984,Structural+AC0-Stability Problem,2539,60
163,Structural+AC0-Collapse,259,60
3274,Structural+AC0-Collapse,6234,60
4190,Structural+AC0-Collapse,6234,60
7985,Structural+AC0-Other,82,60
941,Structural+AC0-Confined Space,56,60
7987,Structural+AC0-Other,52,60
7991,Structural+AC0-Demolition,1643,60
7993,Structural+AC0-Other,118,60
8029,Structural+AC0-Partial Collapse,173,60
8028,Structural+AC0-Elevator,46,60
8037,Structural+AC0-Partial Collapse,47,60
8056,Structural+AC0-Stability Problem,6234,60
8053,Structural+AC0-Construction Accident,36,60
8068,Structural+AC0-Construction Accident,132,60
8072,Structural+AC0-Stability Problem,122,60
8076,Structural+AC0-Elevator,199,60
8079,Structural+AC0-Life Safety Violations,38,60
8080,Structural+AC0-Stability Problem,47,60
8104,Structural+AC0-Other,6234,60
8091,Structural+AC0-Construction Accident,51,60
8095,Structural+AC0-Stability Problem,429,60
8112,Structural+AC0-Other,5874,60
8101,Structural+AC0-Scaffold,479,60
8100,Structural+AC0-Collapse,80,60
8123,Structural+AC0-Construction Accident,79,60
8127,Structural+AC0-Confined Space,48,60
8151,Structural+AC0-Scaffold,965,60
8170,Structural+AC0-Falling Debris,2383,60
8173,Structural+AC0-Crane,66,60
8174,Structural+AC0-Confined Space,18,60
8177,Structural+AC0-Crane,70,60
8181,Structural+AC0-Elevator,7,60
8194,Structural+AC0-Scaffold,552,60
8201,Structural+AC0-Collapse,44,60
8206,Structural+AC0-Parapet,1338,60
8220,Structural+AC0-Other,321,60
8239,Structural+AC0-Scaffold,140,60
8241,Structural+AC0-Stability Problem,155,60
8248,Structural+AC0-Street Collapse,718,60
8262,Structural+AC0-Street Collapse,1536,60
8264,Structural+AC0-Construction Accident,138,60
8285,Structural+AC0-Crane,6234,60
8272,Structural+AC0-Construction Accident,114,60
8274,Structural+AC0-Other,135,60
8286,Structural+AC0-Stability Problem,128,60
8398,Structural+AC0-Crane,6234,60
8319,Structural+AC0-Construction Accident,71,60
8320,Structural+AC0-Falling Debris,86,60
8329,Structural+AC0-Crane,721,60
8357,Structural+AC0-Street Collapse,6234,60
8344,Structural+AC0-Stability Problem,4127,60
8340,Structural+AC0-Partial Collapse,1375,60
8362,Structural+AC0-Collapse,6234,60
8339,Structural+AC0-Bricks,891,60
8345,Structural+AC0-Bricks,1365,60
8346,Structural+AC0-Falling Debris,164,60
8349,Structural+AC0-Crane,1093,60
8354,Structural+AC0-Street Collapse,1023,60
8359,Structural+AC0-Street Collapse,39,60
8383,Structural+AC0-Street Collapse,1295,60
8378,Structural+AC0-Other,127,60
8399,Structural+AC0-Partial Collapse,2730,60
8396,Structural+AC0-Collapse,85,60
8417,Structural+AC0-Other,6234,60
8406,Structural+AC0-Other,378,60
8414,Structural+AC0-Street Collapse,3873,60
8419,Structural+AC0-Scaffold,81,60
8429,Structural+AC0-Stability Problem,117,60
8449,Structural+AC0-Other,160,60
8448,Structural+AC0-Other,557,60
8454,Structural+AC0-Scaffold,195,60
8455,Structural+AC0-Sidewalk Shed,193,60
8458,Structural+AC0-Other,68,60
8467,Structural+AC0-Collapse,4305,60
8529,Structural+AC0-Stability Problem,259,60
8466,Structural+AC0-Crane,201,60
8468,Structural+AC0-Scaffold,44,60
8478,Structural+AC0-Partial Collapse,1545,60
8492,Structural+AC0-Partial Collapse,6234,60
8476,Structural+AC0-Falling Debris,505,60
8474,Structural+AC0-Crane,23,60
8480,Structural+AC0-Other,1786,60
8485,Structural+AC0-Stability Problem,3956,60
8487,Structural+AC0-Scaffold,133,60
8490,Structural+AC0-Stability Problem,154,60
8491,Structural+AC0-Other,125,60
8504,Structural+AC0-Falling Debris,950,60
8534,Structural+AC0-Evacuation,6234,60
8527,Structural+AC0-Evacuation,6234,60
8518,Structural+AC0-Other,643,60
8517,Structural+AC0-Construction Accident,222,60
8525,Structural+AC0-Crane,71,60
8528,Structural+AC0-Collapse,523,60
8531,Structural+AC0-Stability Problem,259,60
8540,Structural+AC0-Sidewalk Collapse,1899,60
8595,Structural+AC0-Collapse,6234,60
8550,Structural+AC0-Stability Problem,405,60
8558,Structural+AC0-Street Collapse,5343,60
8553,Structural+AC0-Other,113,60
8565,Structural+AC0-Stability Problem,2711,60
8569,Structural+AC0-Stability Problem,111,60
8571,Structural+AC0-Scaffold,353,60
8575,Structural+AC0-Bridge,198,60
8576,Structural+AC0-Scaffold,899,60
8581,Structural+AC0-Scaffold,362,60
8587,Structural+AC0-Other,3120,60
8583,Structural+AC0-Scaffold,220,60
8586,Structural+AC0-Sidewalk Collapse,303,60
8591,Structural+AC0-Scaffold,1436,60
8596,Structural+AC0-Scaffold,60,60
8597,Structural+AC0-Sidewalk Shed,462,60
8606,Structural+AC0-Bridge,172,60
8610,Structural+AC0-Other,1099,60
8611,Structural+AC0-Other,1452,60
8612,Structural+AC0-Stability Problem,405,60
8641,Structural+AC0-Collapse,6234,60
8615,Structural+AC0-Other,97,60
8620,Structural+AC0-Stability Problem,38,60
8621,Structural+AC0-Collapse,91,60
8625,Structural+AC0-Sidewalk Shed,396,60
8626,Structural+AC0-Falling Debris,168,60
8753,Structural+AC0-Life Safety Violations,6234,60
8628,Structural+AC0-Falling Debris,56,60
8629,Structural+AC0-Scaffold,56,60
8631,Structural+AC0-Other,434,60
8635,Structural+AC0-Collapse,423,60
8638,Structural+AC0-Street Collapse,150,60
8636,Structural+AC0-Scaffold,32,60
8643,Structural+AC0-Crane,104,60
8647,Structural+AC0-Scaffold,298,60
8651,Structural+AC0-Other,57,60
8649,Structural+AC0-Scaffold,25,60
8655,Structural+AC0-Construction Accident,125,60
8663,Structural+AC0-Construction Accident,9,60
8668,Structural+AC0-Collapse,1209,60
8670,Structural+AC0-Bricks,197,60
8678,Structural+AC0-Other,259,60
8680,Structural+AC0-Partial Collapse,193,60
8683,Structural+AC0-Collapse,14,60
8682,Structural+AC0-Partial Collapse,3,60
8690,Structural+AC0-Scaffold,179,60
8697,Structural+AC0-Bricks,168,60
8699,Structural+AC0-Crane,157,60
8720,Structural+AC0-Partial Collapse,288,60
8723,Structural+AC0-Evacuation,198,60
8722,Structural+AC0-Scaffold,101,60
8736,Structural+AC0-Bridge,229,60
8747,Structural+AC0-Stability Problem,126,60
8749,Structural+AC0-Other,964,60
8752,Structural+AC0-Life Safety Violations,2421,60
8758,Structural+AC0-Life Safety Violations,200,60
3992,Structural+AC0-Partial Collapse,259,60
5423,Structural+AC0-Partial Collapse,259,60
8788,Structural+AC0-Partial Collapse,6234,60
3999,Structural+AC0-Partial Collapse,259,60
8766,Structural+AC0-Construction Accident,69,60
8771,Structural+AC0-Stability Problem,243,60
8773,Structural+AC0-Other,554,60
8774,Structural+AC0-Crane,117,60
8782,Structural+AC0-Collapse,701,60
8790,Structural+AC0-Scaffold,221,60
8792,Structural+AC0-Construction Accident,200,60
8842,Structural+AC0-Stability Problem,901,60
5255,Structural+AC0-Stability Problem,150,60
2079,Structural+AC0-Falling Debris,259,60
3676,Structural+AC0-Falling Debris,259,60
3757,Structural+AC0-Falling Debris,259,60
8854,Structural+AC0-Falling Debris,6234,60
4722,Structural+AC0-Falling Debris,259,60
2078,Structural+AC0-Construction Accident,259,60
8850,Structural+AC0-Construction Accident,2235,60
8848,Structural+AC0-Other,399,60
8851,Structural+AC0-Scaffold,261,60
8858,Structural+AC0-Construction Accident,440,60
8860,Structural+AC0-Partial Collapse,138,60
4410,Structural+AC0-Other,259,60
4429,Structural+AC0-Other,259,60
1815,Structural+AC0-Other,259,60
4055,Structural+AC0-Other,259,60
1829,Structural+AC0-Other,259,60
3014,Structural+AC0-Other,259,60
3433,Structural+AC0-Other,259,60
1612,Structural+AC0-Other,259,60
8944,Structural+AC0-Other,6234,60
8870,Structural+AC0-Construction Accident,28,60
8875,Structural+AC0-Construction Accident,88,60
8881,Structural+AC0-Crane,3434,60
1730,Structural+AC0-Crane,259,60
4647,Structural+AC0-Crane,259,60
8902,Structural+AC0-Collapse,104,60
4139,Structural+AC0-Construction Accident,259,60
8909,Structural+AC0-Construction Accident,920,60
4140,Structural+AC0-Street Collapse,259,60
4325,Structural+AC0-Street Collapse,259,60
4439,Structural+AC0-Street Collapse,259,60
2998,Structural+AC0-Street Collapse,259,60
8938,Structural+AC0-Street Collapse,6234,60
3073,Structural+AC0-Street Collapse,259,60
4367,Structural+AC0-Street Collapse,259,60
4360,Structural+AC0-Street Collapse,259,60
8913,Structural+AC0-Other,582,60
8925,Structural+AC0-Partial Collapse,517,60
8926,Structural+AC0-Collapse,259,60
3072,Structural+AC0-Collapse,259,60
4052,Structural+AC0-Life Safety Violations,1637,60
2990,Structural+AC0-Life Safety Violations,259,60
8941,Structural+AC0-Life Safety Violations,2990,60
8946,Structural+AC0-Sidewalk Collapse,86,60
8955,Structural+AC0-Collapse,2,60
8968,Structural+AC0-Scaffold,622,60
1467,Structural+AC0-Demolition,259,60
8971,Structural+AC0-Demolition,1057,60
8972,Structural+AC0-Scaffold,73,60
8977,Structural+AC0-Other,159,60
8978,Structural+AC0-Collapse,143,60
8983,Structural+AC0-Confined Space,116,60
3210,Structural+AC0-Sidewalk Collapse,6234,60
1398,Structural+AC0-Sidewalk Collapse,259,60
3504,Structural+AC0-Sidewalk Collapse,259,60
1412,Structural+AC0-Sidewalk Collapse,259,60
2370,Structural+AC0-Sidewalk Collapse,259,60
1,Structural+AC0-Sidewalk Collapse,259,60
2357,Structural+AC0-Sidewalk Collapse,6234,60
1416,Structural+AC0-Sidewalk Collapse,259,60
1405,Structural+AC0-Sidewalk Collapse,259,60
298,Structural+AC0-Sidewalk Collapse,6234,60
8991,Structural+AC0-Elevator,69,60
968,Structural+AC0-Construction Accident,27,60
2096,Structural+AC0-Bricks,380,60
2488,Structural+AC0-Construction Accident,35,60
5878,Structural+AC0-Collapse,22,60
45,Structural+AC0-Crane,259,60
3785,Structural+AC0-Crane,6234,60
9,Structural+AC0-Crane,259,60
140,Structural+AC0-Crane,259,60
582,Structural+AC0-Crane,259,60
647,Structural+AC0-Crane,259,60
2514,Structural+AC0-Crane,259,60
20,Structural+AC0-Crane,259,60
5032,Structural+AC0-Falling Debris,44,60
12,Structural+AC0-Collapse,259,60
5817,Structural+AC0-Collapse,259,60
5341,Structural+AC0-Collapse,2958,60
3320,Structural+AC0-Sidewalk Shed,88,60
2151,Structural+AC0-Crane,4465,60
22,Structural+AC0-Crane,259,60
1619,Structural+AC0-Crane,259,60
4416,Structural+AC0-Other,6234,60
1001,Structural+AC0-Other,259,60
1187,Structural+AC0-Construction Accident,586,60
1162,Structural+AC0-Other,209,60
1024,Structural+AC0-Crane,213,60
3595,Structural+AC0-Partial Collapse,108,60
4163,Structural+AC0-Construction Accident,33,60
217,Structural+AC0-Crane,2326,60
3017,Structural+AC0-Crane,6234,60
17,Structural+AC0-Crane,259,60
18,Structural+AC0-Crane,259,60
230,Structural+AC0-Crane,259,60
5387,Structural+AC0-Crane,3791,60
4767,Structural+AC0-Collapse,502,60
1107,Structural+AC0-Life Safety Violations,6234,60
224,Structural+AC0-Life Safety Violations,202,60
2992,Structural+AC0-Life Safety Violations,6234,60
2011,Structural+AC0-Life Safety Violations,259,60
2073,Structural+AC0-Life Safety Violations,259,60
5486,Structural+AC0-Bricks,453,60
5819,Structural+AC0-Life Safety Violations,318,60
2966,Structural+AC0-Falling Debris,59,60
4164,Structural+AC0-Construction Accident,844,60
1072,Structural+AC0-Street Collapse,835,60
2852,Structural+AC0-Confined Space,50,60
5233,Structural+AC0-Bricks,4537,60
4313,Structural+AC0-Bricks,259,60
2432,Structural+AC0-Bricks,259,60
4138,Structural+AC0-Other,563,60
3597,Structural+AC0-Street Collapse,114,60
3463,Structural+AC0-Evacuation,513,60
5083,Structural+AC0-Street Collapse,4436,60
35,Structural+AC0-Street Collapse,259,60
5797,Structural+AC0-Other,169,60
3787,Structural+AC0-Falling Debris,14,60
4769,Structural+AC0-Other,279,60
5195,Structural+AC0-Falling Debris,780,60
4988,Structural+AC0-Collapse,117,60
113,Structural+AC0-Street Collapse,259,60
4165,Structural+AC0-Street Collapse,6234,60
1994,Structural+AC0-Street Collapse,259,60
76,Structural+AC0-Street Collapse,259,60
1828,Structural+AC0-Street Collapse,259,60
91,Structural+AC0-Street Collapse,259,60
1925,Structural+AC0-Street Collapse,259,60
114,Structural+AC0-Street Collapse,259,60
1447,Structural+AC0-Other,56,60
3363,Structural+AC0-Other,64,60
5798,Structural+AC0-Other,44,60
5007,Structural+AC0-Falling Debris,373,60
5034,Structural+AC0-Demolition,112,60
5059,Structural+AC0-Street Collapse,793,60
126,Structural+AC0-Street Collapse,259,60
1900,Structural+AC0-Stability Problem,474,60
2287,Structural+AC0-Construction Accident,296,60
2796,Structural+AC0-Stability Problem,161,60
1589,Structural+AC0-Stability Problem,259,60
1098,Structural+AC0-Falling Debris,103,60
146,Structural+AC0-Street Collapse,259,60
1552,Structural+AC0-Street Collapse,1014,60
204,Structural+AC0-Partial Collapse,259,60
1584,Structural+AC0-Partial Collapse,259,60
150,Structural+AC0-Partial Collapse,259,60
1523,Structural+AC0-Partial Collapse,259,60
2493,Structural+AC0-Partial Collapse,6234,60
125,Structural+AC0-Partial Collapse,259,60
5898,Structural+AC0-Life Safety Violations,61,60
4020,Structural+AC0-Elevator,75,60
1105,Structural+AC0-Crane,1250,60
328,Structural+AC0-Stability Problem,259,60
1114,Structural+AC0-Stability Problem,4091,60
2383,Structural+AC0-Stability Problem,259,60
1448,Structural+AC0-Falling Debris,40,60
3408,Structural+AC0-Partial Collapse,283,60
3570,Structural+AC0-Other,130,60
3994,Structural+AC0-Demolition,38,60
313,Structural+AC0-Other,259,60
2536,Structural+AC0-Other,259,60
2664,Structural+AC0-Other,259,60
5505,Structural+AC0-Other,6234,60
5262,Structural+AC0-Construction Accident,144,60
1975,Structural+AC0-Other,1292,60
1742,Structural+AC0-Confined Space,45,60
400,Structural+AC0-Falling Debris,259,60
4166,Structural+AC0-Falling Debris,1345,60
4370,Structural+AC0-Other,109,60
4943,Structural+AC0-Stability Problem,105,60
1641,Structural+AC0-Construction Accident,332,60
6004,Structural+AC0-Confined Space,451,60
240,Structural+AC0-Street Collapse,259,60
4441,Structural+AC0-Street Collapse,1463,60
1142,Structural+AC0-Scaffold,242,60
1712,Structural+AC0-Evacuation,2630,60
1518,Structural+AC0-Evacuation,259,60
1508,Structural+AC0-Evacuation,259,60
51,Structural+AC0-Construction Accident,259,60
1954,Structural+AC0-Construction Accident,2439,60
1511,Structural+AC0-Construction Accident,259,60
2125,Structural+AC0-Partial Collapse,319,60
2099,Structural+AC0-Other,59,60
3648,Structural+AC0-Collapse,103,60
3742,Structural+AC0-Partial Collapse,82,60
4771,Structural+AC0-Stability Problem,684,60
1397,Structural+AC0-Falling Debris,259,60
5236,Structural+AC0-Falling Debris,901,60
5263,Structural+AC0-Street Collapse,528,60
5363,Structural+AC0-Street Collapse,585,60
1265,Structural+AC0-Crane,233,60
5982,Structural+AC0-Stability Problem,525,60
5658,Structural+AC0-Demolition,241,60
380,Structural+AC0-Demolition,259,60
1309,Structural+AC0-Other,197,60
1224,Structural+AC0-Construction Accident,35,60
6062,Structural+AC0-Stability Problem,306,60
3342,Structural+AC0-Street Collapse,204,60
4528,Structural+AC0-Parapet,1048,60
98,Structural+AC0-Collapse,259,60
5110,Structural+AC0-Collapse,1832,60
1148,Structural+AC0-Collapse,6234,60
1234,Structural+AC0-Collapse,259,60
1171,Structural+AC0-Collapse,259,60
6036,Structural+AC0-Other,809,60
5450,Structural+AC0-Life Safety Violations,182,60
592,Structural+AC0-Other,473,60
1166,Structural+AC0-Other,1366,60
281,Structural+AC0-Other,259,60
3182,Structural+AC0-Other,5826,60
1157,Structural+AC0-Other,259,60
1144,Structural+AC0-Other,259,60
5993,Structural+AC0-Construction Accident,18,60
2211,Structural+AC0-Stability Problem,290,60
4094,Structural+AC0-Street Collapse,5351,60
593,Structural+AC0-Street Collapse,259,60
591,Structural+AC0-Street Collapse,259,60
1158,Structural+AC0-Street Collapse,259,60
4488,Structural+AC0-Stability Problem,1355,60
959,Structural+AC0-Stability Problem,259,60
1225,Structural+AC0-Collapse,98,60
1603,Structural+AC0-Life Safety Violations,87,60
1623,Structural+AC0-Other,156,60
3048,Structural+AC0-Scaffold,109,60
1394,Structural+AC0-Construction Accident,18,60
2351,Structural+AC0-Construction Accident,213,60
2938,Structural+AC0-Construction Accident,89,60
6037,Structural+AC0-Collapse,2622,60
1126,Structural+AC0-Collapse,259,60
622,Structural+AC0-Collapse,259,60
5489,Structural+AC0-Partial Collapse,910,60
6159,Structural+AC0-Other,741,60
3944,Structural+AC0-Street Collapse,259,60
490,Structural+AC0-Street Collapse,259,60
2280,Structural+AC0-Street Collapse,259,60
3940,Structural+AC0-Street Collapse,259,60
1203,Structural+AC0-Street Collapse,259,60
1356,Structural+AC0-Street Collapse,259,60
575,Structural+AC0-Street Collapse,259,60
1276,Structural+AC0-Street Collapse,259,60
244,Structural+AC0-Street Collapse,259,60
505,Structural+AC0-Street Collapse,259,60
1106,Structural+AC0-Street Collapse,259,60
405,Structural+AC0-Street Collapse,259,60
510,Structural+AC0-Street Collapse,259,60
2441,Structural+AC0-Street Collapse,259,60
2416,Structural+AC0-Street Collapse,259,60
840,Structural+AC0-Street Collapse,259,60
3920,Structural+AC0-Street Collapse,259,60
2575,Structural+AC0-Street Collapse,6234,60
816,Structural+AC0-Street Collapse,259,60
314,Structural+AC0-Street Collapse,259,60
1995,Structural+AC0-Street Collapse,259,60
976,Structural+AC0-Street Collapse,259,60
2367,Structural+AC0-Street Collapse,259,60
250,Structural+AC0-Street Collapse,259,60
826,Structural+AC0-Street Collapse,259,60
249,Structural+AC0-Street Collapse,259,60
191,Structural+AC0-Street Collapse,259,60
187,Structural+AC0-Street Collapse,259,60
255,Structural+AC0-Street Collapse,259,60
2186,Structural+AC0-Street Collapse,259,60
2150,Structural+AC0-Street Collapse,259,60
2013,Structural+AC0-Street Collapse,259,60
2143,Structural+AC0-Street Collapse,259,60
1449,Structural+AC0-Street Collapse,259,60
1349,Structural+AC0-Street Collapse,259,60
2394,Structural+AC0-Street Collapse,259,60
2175,Structural+AC0-Street Collapse,259,60
1280,Structural+AC0-Street Collapse,259,60
1597,Structural+AC0-Street Collapse,259,60
489,Structural+AC0-Street Collapse,259,60
2197,Structural+AC0-Street Collapse,259,60
264,Structural+AC0-Street Collapse,259,60
2032,Structural+AC0-Street Collapse,259,60
337,Structural+AC0-Street Collapse,6234,60
1201,Structural+AC0-Street Collapse,259,60
2209,Structural+AC0-Street Collapse,259,60
128,Structural+AC0-Street Collapse,259,60
3949,Structural+AC0-Street Collapse,259,60
1245,Structural+AC0-Street Collapse,259,60
242,Structural+AC0-Street Collapse,259,60
1246,Structural+AC0-Street Collapse,259,60
630,Structural+AC0-Street Collapse,259,60
5606,Structural+AC0-Other,29,60
5644,Structural+AC0-Construction Accident,35,60
227,Structural+AC0-Collapse,259,60
2154,Structural+AC0-Collapse,2078,60
5677,Structural+AC0-Construction Accident,26,60
2030,Structural+AC0-Bricks,259,60
1177,Structural+AC0-Bricks,1599,60
3468,Structural+AC0-Partial Collapse,367,60
1244,Structural+AC0-Cracks,392,60
1196,Structural+AC0-Cracks,6234,60
1361,Structural+AC0-Collapse,259,60
815,Structural+AC0-Collapse,259,60
1323,Structural+AC0-Collapse,259,60
652,Structural+AC0-Collapse,259,60
878,Structural+AC0-Collapse,259,60
864,Structural+AC0-Collapse,259,60
631,Structural+AC0-Collapse,259,60
248,Structural+AC0-Collapse,259,60
5564,Structural+AC0-Collapse,6234,60
978,Structural+AC0-Collapse,259,60
225,Structural+AC0-Collapse,259,60
1247,Structural+AC0-Collapse,259,60
2180,Structural+AC0-Falling Debris,105,60
2355,Structural+AC0-Partial Collapse,163,60
3183,Structural+AC0-Sidewalk Collapse,780,60
4194,Structural+AC0-Other,65,60
5490,Structural+AC0-Collapse,606,60
1298,Structural+AC0-Stability Problem,259,60
2350,Structural+AC0-Stability Problem,259,60
4746,Structural+AC0-Stability Problem,6234,60
2875,Structural+AC0-Stability Problem,259,60
1357,Structural+AC0-Stability Problem,259,60
2396,Structural+AC0-Stability Problem,259,60
259,Structural+AC0-Stability Problem,259,60
3123,Structural+AC0-Stability Problem,259,60
262,Structural+AC0-Stability Problem,259,60
2466,Structural+AC0-Stability Problem,259,60
558,Structural+AC0-Stability Problem,259,60
1202,Structural+AC0-Stability Problem,259,60
284,Structural+AC0-Stability Problem,259,60
1172,Structural+AC0-Stability Problem,259,60
1515,Structural+AC0-Stability Problem,259,60
1208,Structural+AC0-Stability Problem,259,60
1268,Structural+AC0-Scaffold,171,60
2656,Structural+AC0-Scaffold,426,60
2854,Structural+AC0-Falling Debris,487,60
4577,Structural+AC0-Stability Problem,78,60
1231,Structural+AC0-Construction Accident,127,60
2803,Structural+AC0-Other,147,60
4707,Structural+AC0-Construction Accident,36,60
5645,Structural+AC0-Scaffold,24,60
2804,Structural+AC0-Scaffold,314,60
2605,Structural+AC0-Falling Debris,92,60
4866,Structural+AC0-Sidewalk Shed,68,60
5972,Structural+AC0-Other,4075,60
560,Structural+AC0-Other,259,60
1314,Structural+AC0-Other,162,60
1236,Structural+AC0-Scaffold,247,60
1575,Structural+AC0-Street Collapse,441,60
4347,Structural+AC0-Other,5756,60
408,Structural+AC0-Other,259,60
5587,Structural+AC0-Sidewalk Collapse,338,60
2016,Structural+AC0-Life Safety Violations,259,60
2443,Structural+AC0-Life Safety Violations,259,60
1384,Structural+AC0-Life Safety Violations,259,60
362,Structural+AC0-Life Safety Violations,259,60
5329,Structural+AC0-Life Safety Violations,6234,60
411,Structural+AC0-Life Safety Violations,259,60
2228,Structural+AC0-Life Safety Violations,6234,60
1721,Structural+AC0-Life Safety Violations,259,60
2482,Structural+AC0-Life Safety Violations,259,60
2879,Structural+AC0-Life Safety Violations,259,60
1237,Structural+AC0-Elevator,490,60
4557,Structural+AC0-Stability Problem,365,60
417,Structural+AC0-Partial Collapse,259,60
5547,Structural+AC0-Partial Collapse,771,60
423,Structural+AC0-Stability Problem,259,60
426,Structural+AC0-Stability Problem,259,60
1861,Structural+AC0-Stability Problem,259,60
412,Structural+AC0-Stability Problem,259,60
643,Structural+AC0-Stability Problem,259,60
1004,Structural+AC0-Stability Problem,259,60
1005,Structural+AC0-Stability Problem,259,60
2215,Structural+AC0-Stability Problem,6234,60
1866,Structural+AC0-Stability Problem,259,60
5410,Structural+AC0-Collapse,152,60
644,Structural+AC0-Falling Debris,259,60
5910,Structural+AC0-Falling Debris,1365,60
5702,Structural+AC0-Partial Collapse,325,60
1893,Structural+AC0-Confined Space,259,60
5723,Structural+AC0-Confined Space,1368,60
5932,Structural+AC0-Collapse,189,60
6170,Structural+AC0-Scaffold,344,60
1296,Structural+AC0-Collapse,430,60
5962,Structural+AC0-Other,734,60
5330,Structural+AC0-Falling Debris,167,60
5453,Structural+AC0-Confined Space,24,60
5588,Structural+AC0-Scaffold,624,60
5608,Structural+AC0-Stability Problem,638,60
2965,Structural+AC0-Demolition,259,60
461,Structural+AC0-Demolition,259,60
5200,Structural+AC0-Demolition,6234,60
1858,Structural+AC0-Demolition,259,60
1868,Structural+AC0-Demolition,259,60
448,Structural+AC0-Demolition,259,60
1904,Structural+AC0-Demolition,259,60
5739,Structural+AC0-Sidewalk Shed,103,60
5780,Structural+AC0-Sidewalk Shed,80,60
2053,Structural+AC0-Other,929,60
1937,Structural+AC0-Other,145,60
449,Structural+AC0-Street Collapse,259,60
1864,Structural+AC0-Street Collapse,259,60
2999,Structural+AC0-Street Collapse,6234,60
466,Structural+AC0-Street Collapse,259,60
1916,Structural+AC0-Street Collapse,259,60
3306,Structural+AC0-Street Collapse,259,60
3314,Structural+AC0-Other,259,60
2438,Structural+AC0-Other,4151,60
5567,Structural+AC0-Construction Accident,24,60
6184,Structural+AC0-Street Collapse,302,60
1249,Structural+AC0-Collapse,444,60
464,Structural+AC0-Collapse,259,60
1477,Structural+AC0-Collapse,1782,60
6292,Structural+AC0-Sidewalk Shed,68,60
3898,Structural+AC0-Stability Problem,118,60
4882,Structural+AC0-Life Safety Violations,170,60
3051,Structural+AC0-Falling Debris,56,60
6295,Structural+AC0-Sidewalk Shed,967,60
5156,Structural+AC0-Other,980,60
5331,Structural+AC0-Other,192,60
6092,Structural+AC0-Street Collapse,221,60
506,Structural+AC0-Parapet,259,60
1626,Structural+AC0-Parapet,1322,60
2440,Structural+AC0-Life Safety Violations,240,60
4491,Structural+AC0-Falling Debris,109,60
5629,Structural+AC0-Falling Debris,139,60
515,Structural+AC0-Other,259,60
536,Structural+AC0-Other,259,60
3945,Structural+AC0-Other,259,60
4729,Structural+AC0-Other,6234,60
512,Structural+AC0-Other,259,60
5914,Structural+AC0-Street Collapse,103,60
5470,Structural+AC0-Scaffold,150,60
1960,Structural+AC0-Life Safety Violations,2065,60
3967,Structural+AC0-Life Safety Violations,210,60
525,Structural+AC0-Life Safety Violations,259,60
2272,Structural+AC0-Partial Collapse,259,60
2353,Structural+AC0-Partial Collapse,259,60
2274,Structural+AC0-Partial Collapse,259,60
4153,Structural+AC0-Partial Collapse,259,60
583,Structural+AC0-Partial Collapse,259,60
514,Structural+AC0-Partial Collapse,259,60
578,Structural+AC0-Partial Collapse,259,60
607,Structural+AC0-Partial Collapse,259,60
3968,Structural+AC0-Partial Collapse,259,60
5916,Structural+AC0-Partial Collapse,6234,60
3997,Structural+AC0-Partial Collapse,259,60
520,Structural+AC0-Partial Collapse,259,60
4947,Structural+AC0-Collapse,246,60
5392,Structural+AC0-Collapse,2754,60
4005,Structural+AC0-Collapse,259,60
543,Structural+AC0-Collapse,259,60
1667,Structural+AC0-Life Safety Violations,239,60
2388,Structural+AC0-Other,126,60
6229,Structural+AC0-Partial Collapse,1629,60
2297,Structural+AC0-Partial Collapse,277,60
3519,Structural+AC0-Sidewalk Shed,211,60
3625,Structural+AC0-Stability Problem,149,60
3651,Structural+AC0-Construction Accident,6,60
1580,Structural+AC0-Falling Debris,2606,60
2299,Structural+AC0-Falling Debris,259,60
4967,Structural+AC0-Other,705,60
562,Structural+AC0-Partial Collapse,259,60
1297,Structural+AC0-Partial Collapse,314,60
1668,Structural+AC0-Evacuation,235,60
1932,Structural+AC0-Street Collapse,374,60
2322,Structural+AC0-Life Safety Violations,220,60
6340,Structural+AC0-Other,167,60
6133,Structural+AC0-Street Collapse,435,60
5084,Structural+AC0-Collapse,28,60
4869,Structural+AC0-Stability Problem,218,60
5201,Structural+AC0-Street Collapse,60,60
5366,Structural+AC0-Other,1053,60
569,Structural+AC0-Construction Accident,259,60
5886,Structural+AC0-Construction Accident,2424,60
5509,Structural+AC0-Construction Accident,141,60
6148,Structural+AC0-Confined Space,13,60
4445,Structural+AC0-Stability Problem,83,60
570,Structural+AC0-Street Collapse,259,60
6217,Structural+AC0-Street Collapse,736,60
2794,Structural+AC0-Scaffold,259,60
6164,Structural+AC0-Scaffold,898,60
5085,Structural+AC0-Falling Debris,492,60
5456,Structural+AC0-Evacuation,273,60
1821,Structural+AC0-Collapse,94,60
2830,Structural+AC0-Other,16,60
6079,Structural+AC0-Scaffold,44,60
4246,Structural+AC0-Construction Accident,36,60
5061,Structural+AC0-Street Collapse,619,60
2822,Structural+AC0-Collapse,259,60
5348,Structural+AC0-Collapse,992,60
6230,Structural+AC0-Crane,271,60
681,Structural+AC0-Other,259,60
4350,Structural+AC0-Other,259,60
6111,Structural+AC0-Other,3963,60
6134,Structural+AC0-Other,98,60
4833,Structural+AC0-Other,285,60
4884,Structural+AC0-Other,133,60
4075,Structural+AC0-Other,248,60
6357,Structural+AC0-Sidewalk Collapse,41,60
1302,Structural+AC0-Falling Debris,3945,60
675,Structural+AC0-Falling Debris,259,60
703,Structural+AC0-Falling Debris,259,60
3370,Structural+AC0-Scaffold,1151,60
636,Structural+AC0-Partial Collapse,259,60
2766,Structural+AC0-Partial Collapse,259,60
3521,Structural+AC0-Partial Collapse,3378,60
2812,Structural+AC0-Partial Collapse,259,60
3628,Structural+AC0-Scaffold,69,60
3724,Structural+AC0-Stability Problem,403,60
676,Structural+AC0-Stability Problem,259,60
4421,Structural+AC0-Other,254,60
4655,Structural+AC0-Stability Problem,493,60
719,Structural+AC0-Collapse,259,60
5569,Structural+AC0-Collapse,996,60
6231,Structural+AC0-Sidewalk Shed,351,60
6094,Structural+AC0-Falling Debris,149,60
4352,Structural+AC0-Other,392,60
6030,Structural+AC0-Other,170,60
5613,Structural+AC0-Cracks,6234,60
2823,Structural+AC0-Cracks,259,60
814,Structural+AC0-Cracks,259,60
4765,Structural+AC0-Cracks,259,60
3001,Structural+AC0-Stability Problem,261,60
5740,Structural+AC0-Collapse,1806,60
778,Structural+AC0-Collapse,259,60
2878,Structural+AC0-Collapse,259,60
5868,Structural+AC0-Other,57,60
4145,Structural+AC0-Other,248,60
829,Structural+AC0-Falling Debris,259,60
5950,Structural+AC0-Falling Debris,997,60
819,Structural+AC0-Bridge,259,60
5143,Structural+AC0-Bridge,465,60
3819,Structural+AC0-Confined Space,498,60
2962,Structural+AC0-Life Safety Violations,259,60
6430,Structural+AC0-Life Safety Violations,2190,60
4446,Structural+AC0-Collapse,119,60
6408,Structural+AC0-Construction Accident,1234,60
6218,Structural+AC0-Other,301,60
4604,Structural+AC0-Collapse,106,60
6095,Structural+AC0-Stability Problem,49,60
4002,Structural+AC0-Partial Collapse,6234,60
4082,Structural+AC0-Partial Collapse,259,60
893,Structural+AC0-Partial Collapse,259,60
5917,Structural+AC0-Other,626,60
6400,Structural+AC0-Scaffold,108,60
3323,Structural+AC0-Falling Debris,159,60
5413,Structural+AC0-Collapse,1170,60
904,Structural+AC0-Collapse,259,60
842,Structural+AC0-Partial Collapse,259,60
5805,Structural+AC0-Partial Collapse,1326,60
6191,Structural+AC0-Other,156,60
6343,Structural+AC0-Partial Collapse,225,60
3925,Structural+AC0-Collapse,287,60
933,Structural+AC0-Collapse,259,60
6274,Structural+AC0-Scaffold,231,60
906,Structural+AC0-Collapse,259,60
4264,Structural+AC0-Collapse,259,60
3631,Structural+AC0-Collapse,5477,60
948,Structural+AC0-Collapse,259,60
6137,Structural+AC0-Falling Debris,200,60
4393,Structural+AC0-Sidewalk Shed,313,60
3761,Structural+AC0-Scaffold,259,60
2970,Structural+AC0-Scaffold,1483,60
4733,Structural+AC0-Cracks,4248,60
998,Structural+AC0-Cracks,358,60
4077,Structural+AC0-Collapse,1108,60
5171,Structural+AC0-Collapse,259,60
4814,Structural+AC0-Collapse,4174,60
6381,Structural+AC0-Bridge,116,60
1317,Structural+AC0-Other,163,60
6323,Structural+AC0-Scaffold,243,60
6411,Structural+AC0-Collapse,673,60
2716,Structural+AC0-Sidewalk Shed,298,60
943,Structural+AC0-Cracks,566,60
6468,Structural+AC0-Collapse,103,60
5705,Structural+AC0-Sidewalk Shed,91,60
1714,Structural+AC0-Other,111,60
1043,Structural+AC0-Collapse,259,60
3600,Structural+AC0-Collapse,259,60
1058,Structural+AC0-Collapse,259,60
3555,Structural+AC0-Collapse,6234,60
3571,Structural+AC0-Collapse,259,60
5682,Structural+AC0-Other,574,60
5662,Structural+AC0-Sidewalk Shed,412,60
3598,Structural+AC0-Stability Problem,259,60
2685,Structural+AC0-Stability Problem,1217,60
4102,Structural+AC0-Partial Collapse,85,60
5514,Structural+AC0-Stability Problem,366,60
1691,Structural+AC0-Other,106,60
5221,Structural+AC0-Collapse,437,60
1068,Structural+AC0-Parapet,259,60
1768,Structural+AC0-Parapet,4207,60
5144,Structural+AC0-Parapet,259,60
1531,Structural+AC0-Life Safety Violations,195,60
5741,Structural+AC0-Sidewalk Shed,104,60
1650,Structural+AC0-Falling Debris,113,60
7194,Structural+AC0-Collapse,259,60
1431,Structural+AC0-Collapse,4141,60
6508,Structural+AC0-Collapse,259,60
1322,Structural+AC0-Scaffold,142,60
6125,Structural+AC0-Partial Collapse,68,60
7177,Structural+AC0-Other,259,60
3652,Structural+AC0-Other,191,60
4735,Structural+AC0-Scaffold,117,60
4931,Structural+AC0-Partial Collapse,499,60
5553,Structural+AC0-Evacuation,245,60
5850,Structural+AC0-Construction Accident,856,60
214,Structural+AC0-Construction Accident,259,60
3375,Structural+AC0-Collapse,157,60
3576,Structural+AC0-Falling Debris,846,60
112,Structural+AC0-Sidewalk Collapse,259,60
5684,Structural+AC0-Sidewalk Collapse,1520,60
4498,Structural+AC0-Collapse,29,60
5351,Structural+AC0-Partial Collapse,229,60
5828,Structural+AC0-Cracks,798,60
6370,Structural+AC0-Collapse,259,60
5595,Structural+AC0-Collapse,6234,60
158,Structural+AC0-Collapse,259,60
157,Structural+AC0-Collapse,259,60
155,Structural+AC0-Collapse,259,60
133,Structural+AC0-Collapse,259,60
192,Structural+AC0-Collapse,259,60
131,Structural+AC0-Collapse,259,60
278,Structural+AC0-Collapse,259,60
234,Structural+AC0-Collapse,259,60
2106,Structural+AC0-Collapse,259,60
6346,Structural+AC0-Confined Space,27,60
3728,Structural+AC0-Confined Space,15,60
5223,Structural+AC0-Scaffold,397,60
5663,Structural+AC0-Confined Space,41,60
1457,Structural+AC0-Confined Space,194,60
276,Structural+AC0-Demolition,259,60
277,Structural+AC0-Demolition,259,60
266,Structural+AC0-Demolition,259,60
271,Structural+AC0-Demolition,259,60
219,Structural+AC0-Demolition,259,60
1979,Structural+AC0-Demolition,6234,60
1967,Structural+AC0-Demolition,259,60
216,Structural+AC0-Demolition,259,60
208,Structural+AC0-Demolition,259,60
500,Structural+AC0-Demolition,259,60
499,Structural+AC0-Demolition,259,60
498,Structural+AC0-Demolition,259,60
553,Structural+AC0-Demolition,259,60
414,Structural+AC0-Demolition,259,60
6294,Structural+AC0-Demolition,259,60
206,Structural+AC0-Demolition,259,60
6293,Structural+AC0-Collapse,259,60
270,Structural+AC0-Collapse,259,60
5652,Structural+AC0-Collapse,6234,60
309,Structural+AC0-Collapse,259,60
273,Structural+AC0-Collapse,259,60
6309,Structural+AC0-Collapse,259,60
459,Structural+AC0-Collapse,259,60
228,Structural+AC0-Collapse,259,60
233,Structural+AC0-Other,259,60
6318,Structural+AC0-Other,259,60
3557,Structural+AC0-Other,6234,60
424,Structural+AC0-Other,259,60
275,Structural+AC0-Other,259,60
535,Structural+AC0-Other,259,60
1631,Structural+AC0-Stability Problem,245,60
2089,Structural+AC0-Sidewalk Shed,73,60
2770,Structural+AC0-Falling Debris,391,60
1837,Structural+AC0-Partial Collapse,138,60
5224,Structural+AC0-Partial Collapse,4132,60
3492,Structural+AC0-Construction Accident,38,60
550,Structural+AC0-Scaffold,259,60
2919,Structural+AC0-Scaffold,1982,60
4933,Structural+AC0-Scaffold,79,60
5653,Structural+AC0-Other,6234,60
6209,Structural+AC0-Other,259,60
5708,Structural+AC0-Other,361,60
2090,Structural+AC0-Street Collapse,350,60
370,Structural+AC0-Partial Collapse,259,60
771,Structural+AC0-Partial Collapse,259,60
5183,Structural+AC0-Partial Collapse,6234,60
372,Structural+AC0-Partial Collapse,259,60
367,Structural+AC0-Partial Collapse,259,60
383,Structural+AC0-Partial Collapse,259,60
1758,Structural+AC0-Partial Collapse,259,60
748,Structural+AC0-Partial Collapse,259,60
620,Structural+AC0-Partial Collapse,259,60
1586,Structural+AC0-Collapse,6234,60
6046,Structural+AC0-Collapse,266,60
1487,Structural+AC0-Collapse,259,60
6086,Structural+AC0-Collapse,259,60
618,Structural+AC0-Collapse,259,60
398,Structural+AC0-Crane,259,60
4715,Structural+AC0-Crane,1052,60
5242,Structural+AC0-Sidewalk Shed,125,60
2217,Structural+AC0-Falling Debris,1445,60
482,Structural+AC0-Falling Debris,259,60
4148,Structural+AC0-Confined Space,861,60
3437,Structural+AC0-Collapse,408,60
5352,Structural+AC0-Other,322,60
4028,Structural+AC0-Partial Collapse,6234,60
6074,Structural+AC0-Partial Collapse,330,60
4468,Structural+AC0-Other,47,60
5709,Structural+AC0-Scaffold,77,60
3792,Structural+AC0-Collapse,119,60
5668,Structural+AC0-Construction Accident,34,60
4716,Structural+AC0-Scaffold,1076,60
5729,Structural+AC0-Street Collapse,608,60
740,Structural+AC0-Street Collapse,259,60
1591,Structural+AC0-Scaffold,198,60
2638,Structural+AC0-Other,648,60
890,Structural+AC0-Other,259,60
3024,Structural+AC0-Sidewalk Shed,610,60
891,Structural+AC0-Sidewalk Shed,259,60
3136,Structural+AC0-Crane,259,60
3185,Structural+AC0-Construction Accident,219,60
5418,Structural+AC0-Collapse,194,60
2104,Structural+AC0-Scaffold,632,60
736,Structural+AC0-Scaffold,259,60
4500,Structural+AC0-Street Collapse,859,60
887,Structural+AC0-Street Collapse,259,60
4685,Structural+AC0-Collapse,119,60
5185,Structural+AC0-Partial Collapse,691,60
4513,Structural+AC0-Scaffold,220,60
4359,Structural+AC0-Stability Problem,221,60
5855,Structural+AC0-Other,320,60
4818,Structural+AC0-Scaffold,288,60
2105,Structural+AC0-Other,269,60
4501,Structural+AC0-Other,174,60
5420,Structural+AC0-Other,233,60
3928,Structural+AC0-Scaffold,112,60
930,Structural+AC0-Other,177,60
931,Structural+AC0-Scaffold,69,60
912,Structural+AC0-Parapet,259,60
